index,case_id,title,question,baseline_run,k2_run,baseline_score,baseline_retrieval_score,baseline_answer_score,baseline_safety_score,k2_score,k2_retrieval_score,k2_answer_score,k2_safety_score,score_delta,retrieval_score_delta,answer_score_delta,safety_score_delta,baseline_answered,k2_answered,baseline_passed,k2_passed,baseline_result_count,k2_result_count,mcp_result_count,mcp_tool_call_count,mcp_tool_counts,baseline_artifact_matches,k2_artifact_matches,delta_artifact_matches,baseline_source_kind_coverage,k2_source_kind_coverage,delta_source_kind_coverage,baseline_module_hits,k2_module_hits,delta_module_hits,baseline_api_surface_hits,k2_api_surface_hits,delta_api_surface_hits,baseline_must_mention_coverage,k2_must_mention_coverage,delta_must_mention_coverage,baseline_source_uri_coverage,k2_source_uri_coverage,delta_source_uri_coverage,baseline_citation_coverage,k2_citation_coverage,delta_citation_coverage,baseline_hallucination_markers,k2_hallucination_markers,delta_hallucination_markers,baseline_missing_artifacts,k2_missing_artifacts,baseline_missing_source_kinds,k2_missing_source_kinds,baseline_missing_modules,k2_missing_modules,baseline_missing_api_surfaces,k2_missing_api_surfaces,baseline_missing_must_mentions,k2_missing_must_mentions,baseline_missing_source_uris,k2_missing_source_uris,baseline_missing_citations,k2_missing_citations,baseline_hallucination_markers,k2_hallucination_markers
1,flink-rest-dispatcher-rest-endpoint,Flink REST pattern for DispatcherRestEndpoint,"For Flink REST API 2.2.0, inspect `DispatcherRestEndpoint`: identify where dispatcher REST handlers are registered. Which version-pinned docs, implementation class, and neighboring tests should anchor the answer?",codex_without_k2,codex_with_k2_real_mcp,0.125,0,0.25,1,0.841667,0.933333,0.75,1,0.716667,0.933333,0.5,0,True,True,False,True,0,22,22,1,"{""k2_answer_with_sources"": 1}",0,0.666667,0.666667,0,1,1,0,1,1,0,1,1,0.5,0.5,0,0,1,1,0,1,1,,,0,flink docs for Flink REST pattern for DispatcherRestEndpoint; DispatcherRestEndpoint source; DispatcherRestEndpoint neighboring test,DispatcherRestEndpoint neighboring test,docs; code; test,,docs; flink-runtime,,rest,,route; response,route; response,repo://apache/flink@release-2.2.0/flink-runtime/src/main/java/org/apache/flink/runtime/dispatcher/DispatcherRestEndpoint.java,,repo://apache/flink@release-2.2.0/flink-runtime/src/main/java/org/apache/flink/runtime/dispatcher/DispatcherRestEndpoint.java,,,
2,flink-rest-web-monitor-endpoint,Flink REST pattern for WebMonitorEndpoint,"For Flink REST API 2.2.0, inspect `WebMonitorEndpoint`: explain how the web monitor endpoint wires REST handlers. Which version-pinned docs, implementation class, and neighboring tests should anchor the answer?",codex_without_k2,codex_with_k2_real_mcp,0.1875,0,0.375,1,0.875,1,0.75,1,0.6875,1,0.375,0,True,True,False,True,0,24,24,1,"{""k2_answer_with_sources"": 1}",0,1,1,0,1,1,0,1,1,0,1,1,0.75,0.5,-0.25,0,1,1,0,1,1,,,0,flink docs for Flink REST pattern for WebMonitorEndpoint; WebMonitorEndpoint source; WebMonitorEndpoint neighboring test,,docs; code; test,,docs; flink-runtime,,rest,,response,route; response,repo://apache/flink@release-2.2.0/flink-runtime/src/main/java/org/apache/flink/runtime/webmonitor/WebMonitorEndpoint.java,,repo://apache/flink@release-2.2.0/flink-runtime/src/main/java/org/apache/flink/runtime/webmonitor/WebMonitorEndpoint.java,,,
3,flink-rest-rest-server-endpoint,Flink REST pattern for RestServerEndpoint,"For Flink REST API 2.2.0, inspect `RestServerEndpoint`: trace the abstract REST endpoint lifecycle. Which version-pinned docs, implementation class, and neighboring tests should anchor the answer?",codex_without_k2,codex_with_k2_real_mcp,0.125,0,0.25,1,0.875,1,0.75,1,0.75,1,0.5,0,True,True,False,True,0,15,15,1,"{""k2_answer_with_sources"": 1}",0,1,1,0,1,1,0,1,1,0,1,1,0.5,0.5,0,0,1,1,0,1,1,,,0,flink docs for Flink REST pattern for RestServerEndpoint; RestServerEndpoint source; RestServerEndpoint neighboring test,,docs; code; test,,docs; flink-runtime,,rest,,route; response,route; response,repo://apache/flink@release-2.2.0/flink-runtime/src/main/java/org/apache/flink/runtime/rest/RestServerEndpoint.java,,repo://apache/flink@release-2.2.0/flink-runtime/src/main/java/org/apache/flink/runtime/rest/RestServerEndpoint.java,,,
4,flink-rest-abstract-rest-handler,Flink REST pattern for AbstractRestHandler,"For Flink REST API 2.2.0, inspect `AbstractRestHandler`: implement a request handler with the correct response-body contract. Which version-pinned docs, implementation class, and neighboring tests should anchor the answer?",codex_without_k2,codex_with_k2_real_mcp,0.1875,0,0.375,1,0.904167,0.933333,0.875,1,0.716667,0.933333,0.5,0,True,True,False,True,0,21,21,1,"{""k2_answer_with_sources"": 1}",0,0.666667,0.666667,0,1,1,0,1,1,0,1,1,0.75,0.75,0,0,1,1,0,1,1,,,0,flink docs for Flink REST pattern for AbstractRestHandler; AbstractRestHandler source; AbstractRestHandler neighboring test,AbstractRestHandler neighboring test,docs; code; test,,docs; flink-runtime,,rest,,route,route,repo://apache/flink@release-2.2.0/flink-runtime/src/main/java/org/apache/flink/runtime/rest/handler/AbstractRestHandler.java,,repo://apache/flink@release-2.2.0/flink-runtime/src/main/java/org/apache/flink/runtime/rest/handler/AbstractRestHandler.java,,,
5,flink-rest-job-details-handler,Flink REST pattern for JobDetailsHandler,"For Flink REST API 2.2.0, inspect `JobDetailsHandler`: use a neighboring job REST handler as an implementation analogue. Which version-pinned docs, implementation class, and neighboring tests should anchor the answer?",codex_without_k2,codex_with_k2_real_mcp,0.1875,0,0.375,1,0.9375,1,0.875,1,0.75,1,0.5,0,True,True,False,True,0,22,22,1,"{""k2_answer_with_sources"": 1}",0,1,1,0,1,1,0,1,1,0,1,1,0.75,0.75,0,0,1,1,0,1,1,,,0,flink docs for Flink REST pattern for JobDetailsHandler; JobDetailsHandler source; JobDetailsHandler neighboring test,,docs; code; test,,docs; flink-runtime,,rest,,route,response,repo://apache/flink@release-2.2.0/flink-runtime/src/main/java/org/apache/flink/runtime/rest/handler/job/JobDetailsHandler.java,,repo://apache/flink@release-2.2.0/flink-runtime/src/main/java/org/apache/flink/runtime/rest/handler/job/JobDetailsHandler.java,,,
6,flink-rest-job-config-handler,Flink REST pattern for JobConfigHandler,"For Flink REST API 2.2.0, inspect `JobConfigHandler`: inspect how job configuration is exposed through REST. Which version-pinned docs, implementation class, and neighboring tests should anchor the answer?",codex_without_k2,codex_with_k2_real_mcp,0.1875,0,0.375,1,0.9375,1,0.875,1,0.75,1,0.5,0,True,True,False,True,0,21,21,1,"{""k2_answer_with_sources"": 1}",0,1,1,0,1,1,0,1,1,0,1,1,0.75,0.75,0,0,1,1,0,1,1,,,0,flink docs for Flink REST pattern for JobConfigHandler; JobConfigHandler source; JobConfigHandler neighboring test,,docs; code; test,,docs; flink-runtime,,rest,,route,response,repo://apache/flink@release-2.2.0/flink-runtime/src/main/java/org/apache/flink/runtime/rest/handler/job/JobConfigHandler.java,,repo://apache/flink@release-2.2.0/flink-runtime/src/main/java/org/apache/flink/runtime/rest/handler/job/JobConfigHandler.java,,,
7,flink-rest-job-exceptions-handler,Flink REST pattern for JobExceptionsHandler,"For Flink REST API 2.2.0, inspect `JobExceptionsHandler`: inspect exception response handling for a job endpoint. Which version-pinned docs, implementation class, and neighboring tests should anchor the answer?",codex_without_k2,codex_with_k2_real_mcp,0.1875,0,0.375,1,0.9375,1,0.875,1,0.75,1,0.5,0,True,True,False,True,0,23,23,1,"{""k2_answer_with_sources"": 1}",0,1,1,0,1,1,0,1,1,0,1,1,0.75,0.75,0,0,1,1,0,1,1,,,0,flink docs for Flink REST pattern for JobExceptionsHandler; JobExceptionsHandler source; JobExceptionsHandler neighboring test,,docs; code; test,,docs; flink-runtime,,rest,,route,route,repo://apache/flink@release-2.2.0/flink-runtime/src/main/java/org/apache/flink/runtime/rest/handler/job/JobExceptionsHandler.java,,repo://apache/flink@release-2.2.0/flink-runtime/src/main/java/org/apache/flink/runtime/rest/handler/job/JobExceptionsHandler.java,,,
8,flink-rest-job-accumulators-handler,Flink REST pattern for JobAccumulatorsHandler,"For Flink REST API 2.2.0, inspect `JobAccumulatorsHandler`: inspect accumulator response construction for a job endpoint. Which version-pinned docs, implementation class, and neighboring tests should anchor the answer?",codex_without_k2,codex_with_k2_real_mcp,0.1875,0,0.375,1,0.904167,0.933333,0.875,1,0.716667,0.933333,0.5,0,True,True,False,True,0,21,21,1,"{""k2_answer_with_sources"": 1}",0,0.666667,0.666667,0,1,1,0,1,1,0,1,1,0.75,0.75,0,0,1,1,0,1,1,,,0,flink docs for Flink REST pattern for JobAccumulatorsHandler; JobAccumulatorsHandler source; JobAccumulatorsHandler neighboring test,JobAccumulatorsHandler neighboring test,docs; code; test,,docs; flink-runtime,,rest,,route,route,repo://apache/flink@release-2.2.0/flink-runtime/src/main/java/org/apache/flink/runtime/rest/handler/job/JobAccumulatorsHandler.java,,repo://apache/flink@release-2.2.0/flink-runtime/src/main/java/org/apache/flink/runtime/rest/handler/job/JobAccumulatorsHandler.java,,,
9,flink-rest-job-plan-handler,Flink REST pattern for JobPlanHandler,"For Flink REST API 2.2.0, inspect `JobPlanHandler`: explain how plan metadata is returned through a REST handler. Which version-pinned docs, implementation class, and neighboring tests should anchor the answer?",codex_without_k2,codex_with_k2_real_mcp,0.1875,0,0.375,1,0.966667,0.933333,1,1,0.779167,0.933333,0.625,0,True,True,False,True,0,23,23,1,"{""k2_answer_with_sources"": 1}",0,0.666667,0.666667,0,1,1,0,1,1,0,1,1,0.75,1,0.25,0,1,1,0,1,1,,,0,flink docs for Flink REST pattern for JobPlanHandler; JobPlanHandler source; JobPlanHandler neighboring test,JobPlanHandler neighboring test,docs; code; test,,docs; flink-runtime,,rest,,route,,repo://apache/flink@release-2.2.0/flink-runtime/src/main/java/org/apache/flink/runtime/rest/handler/job/JobPlanHandler.java,,repo://apache/flink@release-2.2.0/flink-runtime/src/main/java/org/apache/flink/runtime/rest/handler/job/JobPlanHandler.java,,,
10,flink-rest-job-vertex-details-handler,Flink REST pattern for JobVertexDetailsHandler,"For Flink REST API 2.2.0, inspect `JobVertexDetailsHandler`: inspect a vertex-scoped REST endpoint implementation. Which version-pinned docs, implementation class, and neighboring tests should anchor the answer?",codex_without_k2,codex_with_k2_real_mcp,0.1875,0,0.375,1,0.904167,0.933333,0.875,1,0.716667,0.933333,0.5,0,True,True,False,True,0,19,19,1,"{""k2_answer_with_sources"": 1}",0,0.666667,0.666667,0,1,1,0,1,1,0,1,1,0.75,0.75,0,0,1,1,0,1,1,,,0,flink docs for Flink REST pattern for JobVertexDetailsHandler; JobVertexDetailsHandler source; JobVertexDetailsHandler neighboring test,JobVertexDetailsHandler neighboring test,docs; code; test,,docs; flink-runtime,,rest,,route,route,repo://apache/flink@release-2.2.0/flink-runtime/src/main/java/org/apache/flink/runtime/rest/handler/job/JobVertexDetailsHandler.java,,repo://apache/flink@release-2.2.0/flink-runtime/src/main/java/org/apache/flink/runtime/rest/handler/job/JobVertexDetailsHandler.java,,,
11,flink-rest-job-vertex-taskmanagers-handler,Flink REST pattern for JobVertexTaskManagersHandler,"For Flink REST API 2.2.0, inspect `JobVertexTaskManagersHandler`: inspect task-manager detail routing for a job vertex. Which version-pinned docs, implementation class, and neighboring tests should anchor the answer?",codex_without_k2,codex_with_k2_real_mcp,0.25,0,0.5,1,0.966667,0.933333,1,1,0.716667,0.933333,0.5,0,True,True,False,True,0,20,20,1,"{""k2_answer_with_sources"": 1}",0,0.666667,0.666667,0,1,1,0,1,1,0,1,1,1,1,0,0,1,1,0,1,1,,,0,flink docs for Flink REST pattern for JobVertexTaskManagersHandler; JobVertexTaskManagersHandler source; JobVertexTaskManagersHandler neighboring test,JobVertexTaskManagersHandler neighboring test,docs; code; test,,docs; flink-runtime,,rest,,,,repo://apache/flink@release-2.2.0/flink-runtime/src/main/java/org/apache/flink/runtime/rest/handler/job/JobVertexTaskManagersHandler.java,,repo://apache/flink@release-2.2.0/flink-runtime/src/main/java/org/apache/flink/runtime/rest/handler/job/JobVertexTaskManagersHandler.java,,,
12,flink-rest-job-cancellation-handler,Flink REST pattern for JobCancellationHandler,"For Flink REST API 2.2.0, inspect `JobCancellationHandler`: trace cancellation request handling and response behavior. Which version-pinned docs, implementation class, and neighboring tests should anchor the answer?",codex_without_k2,codex_with_k2_real_mcp,0.1875,0,0.375,1,1,1,1,1,0.8125,1,0.625,0,True,True,False,True,0,17,17,1,"{""k2_answer_with_sources"": 1}",0,1,1,0,1,1,0,1,1,0,1,1,0.75,1,0.25,0,1,1,0,1,1,,,0,flink docs for Flink REST pattern for JobCancellationHandler; JobCancellationHandler source; JobCancellationHandler neighboring test,,docs; code; test,,docs; flink-runtime,,rest,,route,,repo://apache/flink@release-2.2.0/flink-runtime/src/main/java/org/apache/flink/runtime/rest/handler/job/JobCancellationHandler.java,,repo://apache/flink@release-2.2.0/flink-runtime/src/main/java/org/apache/flink/runtime/rest/handler/job/JobCancellationHandler.java,,,
13,flink-rest-savepoint-handlers,Flink REST pattern for SavepointHandlers,"For Flink REST API 2.2.0, inspect `SavepointHandlers`: trace savepoint trigger and polling REST behavior. Which version-pinned docs, implementation class, and neighboring tests should anchor the answer?",codex_without_k2,codex_with_k2_real_mcp,0.125,0,0.25,1,0.808333,0.866667,0.75,1,0.683333,0.866667,0.5,0,True,True,False,False,0,6,6,1,"{""k2_answer_with_sources"": 1}",0,0.333333,0.333333,0,1,1,0,1,1,0,1,1,0.5,0.5,0,0,1,1,0,1,1,,,0,flink docs for Flink REST pattern for SavepointHandlers; SavepointHandlers source; SavepointHandlers neighboring test,flink docs for Flink REST pattern for SavepointHandlers; SavepointHandlers source,docs; code; test,,docs; flink-runtime,,rest,,REST API; route,REST API; route,repo://apache/flink@release-2.2.0/flink-runtime/src/main/java/org/apache/flink/runtime/rest/handler/job/savepoints/SavepointHandlers.java,,repo://apache/flink@release-2.2.0/flink-runtime/src/main/java/org/apache/flink/runtime/rest/handler/job/savepoints/SavepointHandlers.java,,,
14,flink-rest-checkpoint-handlers,Flink REST pattern for CheckpointHandlers,"For Flink REST API 2.2.0, inspect `CheckpointHandlers`: trace checkpoint trigger and status REST behavior. Which version-pinned docs, implementation class, and neighboring tests should anchor the answer?",codex_without_k2,codex_with_k2_real_mcp,0.1875,0,0.375,1,0.6125,0.6,0.625,1,0.425,0.6,0.25,0,True,True,False,False,0,6,6,1,"{""k2_answer_with_sources"": 1}",0,0,0,0,1,1,0,1,1,0,0,0,0.75,0.25,-0.5,0,1,1,0,1,1,,,0,flink docs for Flink REST pattern for CheckpointHandlers; CheckpointHandlers source; CheckpointHandlers neighboring test,flink docs for Flink REST pattern for CheckpointHandlers; CheckpointHandlers source; CheckpointHandlers neighboring test,docs; code; test,,docs; flink-runtime,,rest,rest,route,REST API; route; response,repo://apache/flink@release-2.2.0/flink-runtime/src/main/java/org/apache/flink/runtime/rest/handler/job/checkpoints/CheckpointHandlers.java,,repo://apache/flink@release-2.2.0/flink-runtime/src/main/java/org/apache/flink/runtime/rest/handler/job/checkpoints/CheckpointHandlers.java,,,
15,flink-rest-job-resource-requirements-update-handler,Flink REST pattern for JobResourceRequirementsUpdateHandler,"For Flink REST API 2.2.0, inspect `JobResourceRequirementsUpdateHandler`: inspect request-body validation for job resource requirement updates. Which version-pinned docs, implementation class, and neighboring tests should anchor the answer?",codex_without_k2,codex_with_k2_real_mcp,0.125,0,0.25,1,0.841667,0.933333,0.75,1,0.716667,0.933333,0.5,0,True,True,False,True,0,22,22,1,"{""k2_answer_with_sources"": 1}",0,0.666667,0.666667,0,1,1,0,1,1,0,1,1,0.5,0.5,0,0,1,1,0,1,1,,,0,flink docs for Flink REST pattern for JobResourceRequirementsUpdateHandler; JobResourceRequirementsUpdateHandler source; JobResourceRequirementsUpdateHandler neighboring test,JobResourceRequirementsUpdateHandler neighboring test,docs; code; test,,docs; flink-runtime,,rest,,route; response,route; response,repo://apache/flink@release-2.2.0/flink-runtime/src/main/java/org/apache/flink/runtime/rest/handler/job/JobResourceRequirementsUpdateHandler.java,,repo://apache/flink@release-2.2.0/flink-runtime/src/main/java/org/apache/flink/runtime/rest/handler/job/JobResourceRequirementsUpdateHandler.java,,,
16,flink-rest-job-submit-handler,Flink REST pattern for JobSubmitHandler,"For Flink REST API 2.2.0, inspect `JobSubmitHandler`: inspect job submission request handling. Which version-pinned docs, implementation class, and neighboring tests should anchor the answer?",codex_without_k2,codex_with_k2_real_mcp,0.125,0,0.25,1,0.875,1,0.75,1,0.75,1,0.5,0,True,True,False,True,0,20,20,1,"{""k2_answer_with_sources"": 1}",0,1,1,0,1,1,0,1,1,0,1,1,0.5,0.5,0,0,1,1,0,1,1,,,0,flink docs for Flink REST pattern for JobSubmitHandler; JobSubmitHandler source; JobSubmitHandler neighboring test,,docs; code; test,,docs; flink-runtime,,rest,,route; response,route; response,repo://apache/flink@release-2.2.0/flink-runtime/src/main/java/org/apache/flink/runtime/rest/handler/job/JobSubmitHandler.java,,repo://apache/flink@release-2.2.0/flink-runtime/src/main/java/org/apache/flink/runtime/rest/handler/job/JobSubmitHandler.java,,,
17,flink-rest-file-uploads,Flink REST pattern for FileUploads,"For Flink REST API 2.2.0, inspect `FileUploads`: inspect uploaded-file tracking for REST requests. Which version-pinned docs, implementation class, and neighboring tests should anchor the answer?",codex_without_k2,codex_with_k2_real_mcp,0.125,0,0.25,1,0.9375,1,0.875,1,0.8125,1,0.625,0,True,True,False,True,0,20,20,1,"{""k2_answer_with_sources"": 1}",0,1,1,0,1,1,0,1,1,0,1,1,0.5,0.75,0.25,0,1,1,0,1,1,,,0,flink docs for Flink REST pattern for FileUploads; FileUploads source; FileUploads neighboring test,,docs; code; test,,docs; flink-runtime,,rest,,route; response,response,repo://apache/flink@release-2.2.0/flink-runtime/src/main/java/org/apache/flink/runtime/rest/handler/FileUploads.java,,repo://apache/flink@release-2.2.0/flink-runtime/src/main/java/org/apache/flink/runtime/rest/handler/FileUploads.java,,,
18,flink-rest-dashboard-config-handler,Flink REST pattern for DashboardConfigHandler,"For Flink REST API 2.2.0, inspect `DashboardConfigHandler`: inspect cluster dashboard configuration responses. Which version-pinned docs, implementation class, and neighboring tests should anchor the answer?",codex_without_k2,codex_with_k2_real_mcp,0.1875,0,0.375,1,0.904167,0.933333,0.875,1,0.716667,0.933333,0.5,0,True,True,False,True,0,20,20,1,"{""k2_answer_with_sources"": 1}",0,0.666667,0.666667,0,1,1,0,1,1,0,1,1,0.75,0.75,0,0,1,1,0,1,1,,,0,flink docs for Flink REST pattern for DashboardConfigHandler; DashboardConfigHandler source; DashboardConfigHandler neighboring test,DashboardConfigHandler neighboring test,docs; code; test,,docs; flink-runtime,,rest,,route,route,repo://apache/flink@release-2.2.0/flink-runtime/src/main/java/org/apache/flink/runtime/rest/handler/cluster/DashboardConfigHandler.java,,repo://apache/flink@release-2.2.0/flink-runtime/src/main/java/org/apache/flink/runtime/rest/handler/cluster/DashboardConfigHandler.java,,,
19,flink-rest-cluster-overview-handler,Flink REST pattern for ClusterOverviewHandler,"For Flink REST API 2.2.0, inspect `ClusterOverviewHandler`: inspect cluster overview response construction. Which version-pinned docs, implementation class, and neighboring tests should anchor the answer?",codex_without_k2,codex_with_k2_real_mcp,0.1875,0,0.375,1,0.904167,0.933333,0.875,1,0.716667,0.933333,0.5,0,True,True,False,True,0,19,19,1,"{""k2_answer_with_sources"": 1}",0,0.666667,0.666667,0,1,1,0,1,1,0,1,1,0.75,0.75,0,0,1,1,0,1,1,,,0,flink docs for Flink REST pattern for ClusterOverviewHandler; ClusterOverviewHandler source; ClusterOverviewHandler neighboring test,ClusterOverviewHandler neighboring test,docs; code; test,,docs; flink-runtime,,rest,,route,route,repo://apache/flink@release-2.2.0/flink-runtime/src/main/java/org/apache/flink/runtime/rest/handler/cluster/ClusterOverviewHandler.java,,repo://apache/flink@release-2.2.0/flink-runtime/src/main/java/org/apache/flink/runtime/rest/handler/cluster/ClusterOverviewHandler.java,,,
20,flink-rest-taskmanagers-handler,Flink REST pattern for TaskManagersHandler,"For Flink REST API 2.2.0, inspect `TaskManagersHandler`: inspect task-manager collection response handling. Which version-pinned docs, implementation class, and neighboring tests should anchor the answer?",codex_without_k2,codex_with_k2_real_mcp,0.25,0,0.5,1,0.904167,0.933333,0.875,1,0.654167,0.933333,0.375,0,True,True,False,True,0,18,18,1,"{""k2_answer_with_sources"": 1}",0,0.666667,0.666667,0,1,1,0,1,1,0,1,1,1,0.75,-0.25,0,1,1,0,1,1,,,0,flink docs for Flink REST pattern for TaskManagersHandler; TaskManagersHandler source; TaskManagersHandler neighboring test,TaskManagersHandler neighboring test,docs; code; test,,docs; flink-runtime,,rest,,,route,repo://apache/flink@release-2.2.0/flink-runtime/src/main/java/org/apache/flink/runtime/rest/handler/taskmanager/TaskManagersHandler.java,,repo://apache/flink@release-2.2.0/flink-runtime/src/main/java/org/apache/flink/runtime/rest/handler/taskmanager/TaskManagersHandler.java,,,
21,flink-rest-taskmanager-details-handler,Flink REST pattern for TaskManagerDetailsHandler,"For Flink REST API 2.2.0, inspect `TaskManagerDetailsHandler`: inspect task-manager detail lookup behavior. Which version-pinned docs, implementation class, and neighboring tests should anchor the answer?",codex_without_k2,codex_with_k2_real_mcp,0.1875,0,0.375,1,0.9375,1,0.875,1,0.75,1,0.5,0,True,True,False,True,0,20,20,1,"{""k2_answer_with_sources"": 1}",0,1,1,0,1,1,0,1,1,0,1,1,0.75,0.75,0,0,1,1,0,1,1,,,0,flink docs for Flink REST pattern for TaskManagerDetailsHandler; TaskManagerDetailsHandler source; TaskManagerDetailsHandler neighboring test,,docs; code; test,,docs; flink-runtime,,rest,,route,route,repo://apache/flink@release-2.2.0/flink-runtime/src/main/java/org/apache/flink/runtime/rest/handler/taskmanager/TaskManagerDetailsHandler.java,,repo://apache/flink@release-2.2.0/flink-runtime/src/main/java/org/apache/flink/runtime/rest/handler/taskmanager/TaskManagerDetailsHandler.java,,,
22,flink-rest-job-vertex-back-pressure-handler,Flink REST pattern for JobVertexBackPressureHandler,"For Flink REST API 2.2.0, inspect `JobVertexBackPressureHandler`: inspect back-pressure endpoint behavior for job vertices. Which version-pinned docs, implementation class, and neighboring tests should anchor the answer?",codex_without_k2,codex_with_k2_real_mcp,0.1875,0,0.375,1,1,1,1,1,0.8125,1,0.625,0,True,True,False,True,0,15,15,1,"{""k2_answer_with_sources"": 1}",0,1,1,0,1,1,0,1,1,0,1,1,0.75,1,0.25,0,1,1,0,1,1,,,0,flink docs for Flink REST pattern for JobVertexBackPressureHandler; JobVertexBackPressureHandler source; JobVertexBackPressureHandler neighboring test,,docs; code; test,,docs; flink-runtime,,rest,,route,,repo://apache/flink@release-2.2.0/flink-runtime/src/main/java/org/apache/flink/runtime/rest/handler/job/JobVertexBackPressureHandler.java,,repo://apache/flink@release-2.2.0/flink-runtime/src/main/java/org/apache/flink/runtime/rest/handler/job/JobVertexBackPressureHandler.java,,,
23,flink-rest-job-vertex-watermarks-handler,Flink REST pattern for JobVertexWatermarksHandler,"For Flink REST API 2.2.0, inspect `JobVertexWatermarksHandler`: inspect watermark reporting through REST. Which version-pinned docs, implementation class, and neighboring tests should anchor the answer?",codex_without_k2,codex_with_k2_real_mcp,0.1875,0,0.375,1,1,1,1,1,0.8125,1,0.625,0,True,True,False,True,0,18,18,1,"{""k2_answer_with_sources"": 1}",0,1,1,0,1,1,0,1,1,0,1,1,0.75,1,0.25,0,1,1,0,1,1,,,0,flink docs for Flink REST pattern for JobVertexWatermarksHandler; JobVertexWatermarksHandler source; JobVertexWatermarksHandler neighboring test,,docs; code; test,,docs; flink-runtime,,rest,,route,,repo://apache/flink@release-2.2.0/flink-runtime/src/main/java/org/apache/flink/runtime/rest/handler/job/metrics/JobVertexWatermarksHandler.java,,repo://apache/flink@release-2.2.0/flink-runtime/src/main/java/org/apache/flink/runtime/rest/handler/job/metrics/JobVertexWatermarksHandler.java,,,
24,flink-rest-subtask-current-attempt-details-handler,Flink REST pattern for SubtaskCurrentAttemptDetailsHandler,"For Flink REST API 2.2.0, inspect `SubtaskCurrentAttemptDetailsHandler`: inspect subtask-attempt details routing. Which version-pinned docs, implementation class, and neighboring tests should anchor the answer?",codex_without_k2,codex_with_k2_real_mcp,0.25,0,0.5,1,1,1,1,1,0.75,1,0.5,0,True,True,False,True,0,21,21,1,"{""k2_answer_with_sources"": 1}",0,1,1,0,1,1,0,1,1,0,1,1,1,1,0,0,1,1,0,1,1,,,0,flink docs for Flink REST pattern for SubtaskCurrentAttemptDetailsHandler; SubtaskCurrentAttemptDetailsHandler source; SubtaskCurrentAttemptDetailsHandler neighboring test,,docs; code; test,,docs; flink-runtime,,rest,,,,repo://apache/flink@release-2.2.0/flink-runtime/src/main/java/org/apache/flink/runtime/rest/handler/job/SubtaskCurrentAttemptDetailsHandler.java,,repo://apache/flink@release-2.2.0/flink-runtime/src/main/java/org/apache/flink/runtime/rest/handler/job/SubtaskCurrentAttemptDetailsHandler.java,,,
25,flink-rest-job-vertex-flame-graph-handler,Flink REST pattern for JobVertexFlameGraphHandler,"For Flink REST API 2.2.0, inspect `JobVertexFlameGraphHandler`: inspect flame-graph endpoint behavior for job vertices. Which version-pinned docs, implementation class, and neighboring tests should anchor the answer?",codex_without_k2,codex_with_k2_real_mcp,0.1875,0,0.375,1,1,1,1,1,0.8125,1,0.625,0,True,True,False,True,0,21,21,1,"{""k2_answer_with_sources"": 1}",0,1,1,0,1,1,0,1,1,0,1,1,0.75,1,0.25,0,1,1,0,1,1,,,0,flink docs for Flink REST pattern for JobVertexFlameGraphHandler; JobVertexFlameGraphHandler source; JobVertexFlameGraphHandler neighboring test,,docs; code; test,,docs; flink-runtime,,rest,,route,,repo://apache/flink@release-2.2.0/flink-runtime/src/main/java/org/apache/flink/runtime/rest/handler/job/JobVertexFlameGraphHandler.java,,repo://apache/flink@release-2.2.0/flink-runtime/src/main/java/org/apache/flink/runtime/rest/handler/job/JobVertexFlameGraphHandler.java,,,
26,flink-checkpointing-checkpoint-coordinator,Flink checkpointing pattern for CheckpointCoordinator,"For Flink checkpointing 2.2.0, inspect `CheckpointCoordinator`: trace checkpoint triggering and coordinator responsibilities. Which version-pinned docs, implementation class, and neighboring tests should anchor the answer?",codex_without_k2,codex_with_k2_real_mcp,0.125,0,0.25,1,0.9375,1,0.875,1,0.8125,1,0.625,0,True,True,False,True,0,17,17,1,"{""k2_answer_with_sources"": 1}",0,1,1,0,1,1,0,1,1,0,1,1,0.5,0.75,0.25,0,1,1,0,1,1,,,0,flink docs for Flink checkpointing pattern for CheckpointCoordinator; CheckpointCoordinator source; CheckpointCoordinator neighboring test,,docs; code; test,,docs; flink-runtime,,checkpointing,,state; savepoint,savepoint,repo://apache/flink@release-2.2.0/flink-runtime/src/main/java/org/apache/flink/runtime/checkpoint/CheckpointCoordinator.java,,repo://apache/flink@release-2.2.0/flink-runtime/src/main/java/org/apache/flink/runtime/checkpoint/CheckpointCoordinator.java,,,
27,flink-checkpointing-pending-checkpoint,Flink checkpointing pattern for PendingCheckpoint,"For Flink checkpointing 2.2.0, inspect `PendingCheckpoint`: explain pending checkpoint state transitions. Which version-pinned docs, implementation class, and neighboring tests should anchor the answer?",codex_without_k2,codex_with_k2_real_mcp,0.1875,0,0.375,1,0.9375,1,0.875,1,0.75,1,0.5,0,True,True,False,True,0,11,11,1,"{""k2_answer_with_sources"": 1}",0,1,1,0,1,1,0,1,1,0,1,1,0.75,0.75,0,0,1,1,0,1,1,,,0,flink docs for Flink checkpointing pattern for PendingCheckpoint; PendingCheckpoint source; PendingCheckpoint neighboring test,,docs; code; test,,docs; flink-runtime,,checkpointing,,savepoint,savepoint,repo://apache/flink@release-2.2.0/flink-runtime/src/main/java/org/apache/flink/runtime/checkpoint/PendingCheckpoint.java,,repo://apache/flink@release-2.2.0/flink-runtime/src/main/java/org/apache/flink/runtime/checkpoint/PendingCheckpoint.java,,,
28,flink-checkpointing-completed-checkpoint,Flink checkpointing pattern for CompletedCheckpoint,"For Flink checkpointing 2.2.0, inspect `CompletedCheckpoint`: explain completed checkpoint metadata and lifecycle. Which version-pinned docs, implementation class, and neighboring tests should anchor the answer?",codex_without_k2,codex_with_k2_real_mcp,0.25,0,0.5,1,0.9375,1,0.875,1,0.6875,1,0.375,0,True,True,False,True,0,17,17,1,"{""k2_answer_with_sources"": 1}",0,1,1,0,1,1,0,1,1,0,1,1,1,0.75,-0.25,0,1,1,0,1,1,,,0,flink docs for Flink checkpointing pattern for CompletedCheckpoint; CompletedCheckpoint source; CompletedCheckpoint neighboring test,,docs; code; test,,docs; flink-runtime,,checkpointing,,,savepoint,repo://apache/flink@release-2.2.0/flink-runtime/src/main/java/org/apache/flink/runtime/checkpoint/CompletedCheckpoint.java,,repo://apache/flink@release-2.2.0/flink-runtime/src/main/java/org/apache/flink/runtime/checkpoint/CompletedCheckpoint.java,,,
29,flink-checkpointing-completed-checkpoint-store,Flink checkpointing pattern for CompletedCheckpointStore,"For Flink checkpointing 2.2.0, inspect `CompletedCheckpointStore`: inspect how completed checkpoints are retained. Which version-pinned docs, implementation class, and neighboring tests should anchor the answer?",codex_without_k2,codex_with_k2_real_mcp,0.125,0,0.25,1,0.9375,1,0.875,1,0.8125,1,0.625,0,True,True,False,True,0,21,21,1,"{""k2_answer_with_sources"": 1}",0,1,1,0,1,1,0,1,1,0,1,1,0.5,0.75,0.25,0,1,1,0,1,1,,,0,flink docs for Flink checkpointing pattern for CompletedCheckpointStore; CompletedCheckpointStore source; CompletedCheckpointStore neighboring test,,docs; code; test,,docs; flink-runtime,,checkpointing,,state; savepoint,savepoint,repo://apache/flink@release-2.2.0/flink-runtime/src/main/java/org/apache/flink/runtime/checkpoint/CompletedCheckpointStore.java,,repo://apache/flink@release-2.2.0/flink-runtime/src/main/java/org/apache/flink/runtime/checkpoint/CompletedCheckpointStore.java,,,
30,flink-checkpointing-default-completed-checkpoint-store,Flink checkpointing pattern for DefaultCompletedCheckpointStore,"For Flink checkpointing 2.2.0, inspect `DefaultCompletedCheckpointStore`: inspect default completed checkpoint retention behavior. Which version-pinned docs, implementation class, and neighboring tests should anchor the answer?",codex_without_k2,codex_with_k2_real_mcp,0.125,0,0.25,1,0.9375,1,0.875,1,0.8125,1,0.625,0,True,True,False,True,0,36,36,11,"{""k2_answer_with_sources"": 1, ""k2_search_code"": 5, ""k2_search_docs"": 1, ""k2_search_tests"": 4}",0,1,1,0,1,1,0,1,1,0,1,1,0.5,0.75,0.25,0,1,1,0,1,1,,,0,flink docs for Flink checkpointing pattern for DefaultCompletedCheckpointStore; DefaultCompletedCheckpointStore source; DefaultCompletedCheckpointStore neighboring test,,docs; code; test,,docs; flink-runtime,,checkpointing,,state; savepoint,savepoint,repo://apache/flink@release-2.2.0/flink-runtime/src/main/java/org/apache/flink/runtime/checkpoint/DefaultCompletedCheckpointStore.java,,repo://apache/flink@release-2.2.0/flink-runtime/src/main/java/org/apache/flink/runtime/checkpoint/DefaultCompletedCheckpointStore.java,,,
31,flink-checkpointing-checkpoint-stats-tracker,Flink checkpointing pattern for CheckpointStatsTracker,"For Flink checkpointing 2.2.0, inspect `CheckpointStatsTracker`: explain checkpoint statistics tracking. Which version-pinned docs, implementation class, and neighboring tests should anchor the answer?",codex_without_k2,codex_with_k2_real_mcp,0.1875,0,0.375,1,0.9375,1,0.875,1,0.75,1,0.5,0,True,True,False,True,0,23,23,1,"{""k2_answer_with_sources"": 1}",0,1,1,0,1,1,0,1,1,0,1,1,0.75,0.75,0,0,1,1,0,1,1,,,0,flink docs for Flink checkpointing pattern for CheckpointStatsTracker; CheckpointStatsTracker source; CheckpointStatsTracker neighboring test,,docs; code; test,,docs; flink-runtime,,checkpointing,,savepoint,savepoint,repo://apache/flink@release-2.2.0/flink-runtime/src/main/java/org/apache/flink/runtime/checkpoint/CheckpointStatsTracker.java,,repo://apache/flink@release-2.2.0/flink-runtime/src/main/java/org/apache/flink/runtime/checkpoint/CheckpointStatsTracker.java,,,
32,flink-checkpointing-checkpoint-stats-snapshot,Flink checkpointing pattern for CheckpointStatsSnapshot,"For Flink checkpointing 2.2.0, inspect `CheckpointStatsSnapshot`: inspect checkpoint statistics snapshot behavior. Which version-pinned docs, implementation class, and neighboring tests should anchor the answer?",codex_without_k2,codex_with_k2_real_mcp,0.1875,0,0.375,1,0.9375,1,0.875,1,0.75,1,0.5,0,True,True,False,True,0,19,19,1,"{""k2_answer_with_sources"": 1}",0,1,1,0,1,1,0,1,1,0,1,1,0.75,0.75,0,0,1,1,0,1,1,,,0,flink docs for Flink checkpointing pattern for CheckpointStatsSnapshot; CheckpointStatsSnapshot source; CheckpointStatsSnapshot neighboring test,,docs; code; test,,docs; flink-runtime,,checkpointing,,savepoint,savepoint,repo://apache/flink@release-2.2.0/flink-runtime/src/main/java/org/apache/flink/runtime/checkpoint/CheckpointStatsSnapshot.java,,repo://apache/flink@release-2.2.0/flink-runtime/src/main/java/org/apache/flink/runtime/checkpoint/CheckpointStatsSnapshot.java,,,
33,flink-checkpointing-checkpoint-metrics,Flink checkpointing pattern for CheckpointMetrics,"For Flink checkpointing 2.2.0, inspect `CheckpointMetrics`: identify checkpoint metric fields used by reporting code. Which version-pinned docs, implementation class, and neighboring tests should anchor the answer?",codex_without_k2,codex_with_k2_real_mcp,0.125,0,0.25,1,0.9375,1,0.875,1,0.8125,1,0.625,0,True,True,False,True,0,17,17,1,"{""k2_answer_with_sources"": 1}",0,1,1,0,1,1,0,1,1,0,1,1,0.5,0.75,0.25,0,1,1,0,1,1,,,0,flink docs for Flink checkpointing pattern for CheckpointMetrics; CheckpointMetrics source; CheckpointMetrics neighboring test,,docs; code; test,,docs; flink-runtime,,checkpointing,,state; savepoint,savepoint,repo://apache/flink@release-2.2.0/flink-runtime/src/main/java/org/apache/flink/runtime/checkpoint/CheckpointMetrics.java,,repo://apache/flink@release-2.2.0/flink-runtime/src/main/java/org/apache/flink/runtime/checkpoint/CheckpointMetrics.java,,,
34,flink-checkpointing-checkpoint-properties,Flink checkpointing pattern for CheckpointProperties,"For Flink checkpointing 2.2.0, inspect `CheckpointProperties`: explain checkpoint property flags and savepoint behavior. Which version-pinned docs, implementation class, and neighboring tests should anchor the answer?",codex_without_k2,codex_with_k2_real_mcp,0.25,0,0.5,1,1,1,1,1,0.75,1,0.5,0,True,True,False,True,0,16,16,1,"{""k2_answer_with_sources"": 1}",0,1,1,0,1,1,0,1,1,0,1,1,1,1,0,0,1,1,0,1,1,,,0,flink docs for Flink checkpointing pattern for CheckpointProperties; CheckpointProperties source; CheckpointProperties neighboring test,,docs; code; test,,docs; flink-runtime,,checkpointing,,,,repo://apache/flink@release-2.2.0/flink-runtime/src/main/java/org/apache/flink/runtime/checkpoint/CheckpointProperties.java,,repo://apache/flink@release-2.2.0/flink-runtime/src/main/java/org/apache/flink/runtime/checkpoint/CheckpointProperties.java,,,
35,flink-checkpointing-checkpoint-retention-policy,Flink checkpointing pattern for CheckpointRetentionPolicy,"For Flink checkpointing 2.2.0, inspect `CheckpointRetentionPolicy`: explain checkpoint retention policy choices. Which version-pinned docs, implementation class, and neighboring tests should anchor the answer?",codex_without_k2,codex_with_k2_real_mcp,0.25,0,0.5,1,0.904167,0.933333,0.875,1,0.654167,0.933333,0.375,0,True,True,False,True,0,19,19,1,"{""k2_answer_with_sources"": 1}",0,0.666667,0.666667,0,1,1,0,1,1,0,1,1,1,0.75,-0.25,0,1,1,0,1,1,,,0,flink docs for Flink checkpointing pattern for CheckpointRetentionPolicy; CheckpointRetentionPolicy source; CheckpointRetentionPolicy neighboring test,CheckpointRetentionPolicy neighboring test,docs; code; test,,docs; flink-runtime,,checkpointing,,,savepoint,repo://apache/flink@release-2.2.0/flink-runtime/src/main/java/org/apache/flink/runtime/checkpoint/CheckpointRetentionPolicy.java,,repo://apache/flink@release-2.2.0/flink-runtime/src/main/java/org/apache/flink/runtime/checkpoint/CheckpointRetentionPolicy.java,,,
36,flink-checkpointing-checkpoint-id-counter,Flink checkpointing pattern for CheckpointIDCounter,"For Flink checkpointing 2.2.0, inspect `CheckpointIDCounter`: inspect checkpoint id allocation behavior. Which version-pinned docs, implementation class, and neighboring tests should anchor the answer?",codex_without_k2,codex_with_k2_real_mcp,0.1875,0,0.375,1,0.904167,0.933333,0.875,1,0.716667,0.933333,0.5,0,True,True,False,True,0,21,21,1,"{""k2_answer_with_sources"": 1}",0,0.666667,0.666667,0,1,1,0,1,1,0,1,1,0.75,0.75,0,0,1,1,0,1,1,,,0,flink docs for Flink checkpointing pattern for CheckpointIDCounter; CheckpointIDCounter source; CheckpointIDCounter neighboring test,CheckpointIDCounter neighboring test,docs; code; test,,docs; flink-runtime,,checkpointing,,savepoint,savepoint,repo://apache/flink@release-2.2.0/flink-runtime/src/main/java/org/apache/flink/runtime/checkpoint/CheckpointIDCounter.java,,repo://apache/flink@release-2.2.0/flink-runtime/src/main/java/org/apache/flink/runtime/checkpoint/CheckpointIDCounter.java,,,
37,flink-checkpointing-standalone-checkpoint-id-counter,Flink checkpointing pattern for StandaloneCheckpointIDCounter,"For Flink checkpointing 2.2.0, inspect `StandaloneCheckpointIDCounter`: inspect standalone checkpoint id allocation. Which version-pinned docs, implementation class, and neighboring tests should anchor the answer?",codex_without_k2,codex_with_k2_real_mcp,0.125,0,0.25,1,0.9375,1,0.875,1,0.8125,1,0.625,0,True,True,False,True,0,17,17,1,"{""k2_answer_with_sources"": 1}",0,1,1,0,1,1,0,1,1,0,1,1,0.5,0.75,0.25,0,1,1,0,1,1,,,0,flink docs for Flink checkpointing pattern for StandaloneCheckpointIDCounter; StandaloneCheckpointIDCounter source; StandaloneCheckpointIDCounter neighboring test,,docs; code; test,,docs; flink-runtime,,checkpointing,,state; savepoint,savepoint,repo://apache/flink@release-2.2.0/flink-runtime/src/main/java/org/apache/flink/runtime/checkpoint/StandaloneCheckpointIDCounter.java,,repo://apache/flink@release-2.2.0/flink-runtime/src/main/java/org/apache/flink/runtime/checkpoint/StandaloneCheckpointIDCounter.java,,,
38,flink-checkpointing-checkpoint-failure-manager,Flink checkpointing pattern for CheckpointFailureManager,"For Flink checkpointing 2.2.0, inspect `CheckpointFailureManager`: explain tolerated checkpoint failure handling. Which version-pinned docs, implementation class, and neighboring tests should anchor the answer?",codex_without_k2,codex_with_k2_real_mcp,0.125,0,0.25,1,0.875,1,0.75,1,0.75,1,0.5,0,True,True,False,True,0,21,21,5,"{""k2_answer_with_sources"": 1, ""k2_search_code"": 1, ""k2_search_docs"": 1, ""k2_search_tests"": 2}",0,1,1,0,1,1,0,1,1,0,1,1,0.5,0.5,0,0,1,1,0,1,1,,,0,flink docs for Flink checkpointing pattern for CheckpointFailureManager; CheckpointFailureManager source; CheckpointFailureManager neighboring test,,docs; code; test,,docs; flink-runtime,,checkpointing,,state; savepoint,state; savepoint,repo://apache/flink@release-2.2.0/flink-runtime/src/main/java/org/apache/flink/runtime/checkpoint/CheckpointFailureManager.java,,repo://apache/flink@release-2.2.0/flink-runtime/src/main/java/org/apache/flink/runtime/checkpoint/CheckpointFailureManager.java,,,
39,flink-checkpointing-checkpoint-plan-calculator,Flink checkpointing pattern for CheckpointPlanCalculator,"For Flink checkpointing 2.2.0, inspect `CheckpointPlanCalculator`: trace checkpoint plan calculation responsibilities. Which version-pinned docs, implementation class, and neighboring tests should anchor the answer?",codex_without_k2,codex_with_k2_real_mcp,0.125,0,0.25,1,0.9375,1,0.875,1,0.8125,1,0.625,0,True,True,False,True,0,22,22,1,"{""k2_answer_with_sources"": 1}",0,1,1,0,1,1,0,1,1,0,1,1,0.5,0.75,0.25,0,1,1,0,1,1,,,0,flink docs for Flink checkpointing pattern for CheckpointPlanCalculator; CheckpointPlanCalculator source; CheckpointPlanCalculator neighboring test,,docs; code; test,,docs; flink-runtime,,checkpointing,,state; savepoint,savepoint,repo://apache/flink@release-2.2.0/flink-runtime/src/main/java/org/apache/flink/runtime/checkpoint/CheckpointPlanCalculator.java,,repo://apache/flink@release-2.2.0/flink-runtime/src/main/java/org/apache/flink/runtime/checkpoint/CheckpointPlanCalculator.java,,,
40,flink-checkpointing-default-checkpoint-plan-calculator,Flink checkpointing pattern for DefaultCheckpointPlanCalculator,"For Flink checkpointing 2.2.0, inspect `DefaultCheckpointPlanCalculator`: inspect the default checkpoint plan calculation implementation. Which version-pinned docs, implementation class, and neighboring tests should anchor the answer?",codex_without_k2,codex_with_k2_real_mcp,0.125,0,0.25,1,0.9375,1,0.875,1,0.8125,1,0.625,0,True,True,False,True,0,22,22,1,"{""k2_answer_with_sources"": 1}",0,1,1,0,1,1,0,1,1,0,1,1,0.5,0.75,0.25,0,1,1,0,1,1,,,0,flink docs for Flink checkpointing pattern for DefaultCheckpointPlanCalculator; DefaultCheckpointPlanCalculator source; DefaultCheckpointPlanCalculator neighboring test,,docs; code; test,,docs; flink-runtime,,checkpointing,,state; savepoint,savepoint,repo://apache/flink@release-2.2.0/flink-runtime/src/main/java/org/apache/flink/runtime/checkpoint/DefaultCheckpointPlanCalculator.java,,repo://apache/flink@release-2.2.0/flink-runtime/src/main/java/org/apache/flink/runtime/checkpoint/DefaultCheckpointPlanCalculator.java,,,
41,flink-checkpointing-checkpoint-request-decider,Flink checkpointing pattern for CheckpointRequestDecider,"For Flink checkpointing 2.2.0, inspect `CheckpointRequestDecider`: explain checkpoint request scheduling decisions. Which version-pinned docs, implementation class, and neighboring tests should anchor the answer?",codex_without_k2,codex_with_k2_real_mcp,0.1875,0,0.375,1,0.9375,1,0.875,1,0.75,1,0.5,0,True,True,False,True,0,13,13,1,"{""k2_answer_with_sources"": 1}",0,1,1,0,1,1,0,1,1,0,1,1,0.75,0.75,0,0,1,1,0,1,1,,,0,flink docs for Flink checkpointing pattern for CheckpointRequestDecider; CheckpointRequestDecider source; CheckpointRequestDecider neighboring test,,docs; code; test,,docs; flink-runtime,,checkpointing,,savepoint,savepoint,repo://apache/flink@release-2.2.0/flink-runtime/src/main/java/org/apache/flink/runtime/checkpoint/CheckpointRequestDecider.java,,repo://apache/flink@release-2.2.0/flink-runtime/src/main/java/org/apache/flink/runtime/checkpoint/CheckpointRequestDecider.java,,,
42,flink-checkpointing-checkpoint-resources-cleanup-runner,Flink checkpointing pattern for CheckpointResourcesCleanupRunner,"For Flink checkpointing 2.2.0, inspect `CheckpointResourcesCleanupRunner`: inspect checkpoint resource cleanup behavior. Which version-pinned docs, implementation class, and neighboring tests should anchor the answer?",codex_without_k2,codex_with_k2_real_mcp,0.1875,0,0.375,1,0.9375,1,0.875,1,0.75,1,0.5,0,True,True,False,True,0,18,18,1,"{""k2_answer_with_sources"": 1}",0,1,1,0,1,1,0,1,1,0,1,1,0.75,0.75,0,0,1,1,0,1,1,,,0,flink docs for Flink checkpointing pattern for CheckpointResourcesCleanupRunner; CheckpointResourcesCleanupRunner source; CheckpointResourcesCleanupRunner neighboring test,,docs; code; test,,docs; flink-runtime,,checkpointing,,savepoint,savepoint,repo://apache/flink@release-2.2.0/flink-runtime/src/main/java/org/apache/flink/runtime/dispatcher/cleanup/CheckpointResourcesCleanupRunner.java,,repo://apache/flink@release-2.2.0/flink-runtime/src/main/java/org/apache/flink/runtime/dispatcher/cleanup/CheckpointResourcesCleanupRunner.java,,,
43,flink-checkpointing-checkpoint-storage-loader,Flink checkpointing pattern for CheckpointStorageLoader,"For Flink checkpointing 2.2.0, inspect `CheckpointStorageLoader`: explain checkpoint storage loading during configuration. Which version-pinned docs, implementation class, and neighboring tests should anchor the answer?",codex_without_k2,codex_with_k2_real_mcp,0.25,0,0.5,1,0.9375,1,0.875,1,0.6875,1,0.375,0,True,True,False,True,0,12,12,1,"{""k2_answer_with_sources"": 1}",0,1,1,0,1,1,0,1,1,0,1,1,1,0.75,-0.25,0,1,1,0,1,1,,,0,flink docs for Flink checkpointing pattern for CheckpointStorageLoader; CheckpointStorageLoader source; CheckpointStorageLoader neighboring test,,docs; code; test,,docs; flink-runtime,,checkpointing,,,savepoint,repo://apache/flink@release-2.2.0/flink-runtime/src/main/java/org/apache/flink/runtime/state/CheckpointStorageLoader.java,,repo://apache/flink@release-2.2.0/flink-runtime/src/main/java/org/apache/flink/runtime/state/CheckpointStorageLoader.java,,,
44,flink-checkpointing-checkpoint-storage-coordinator-view,Flink checkpointing pattern for CheckpointStorageCoordinatorView,"For Flink checkpointing 2.2.0, inspect `CheckpointStorageCoordinatorView`: explain the coordinator-facing checkpoint storage contract. Which version-pinned docs, implementation class, and neighboring tests should anchor the answer?",codex_without_k2,codex_with_k2_real_mcp,0.125,0,0.25,1,0.904167,0.933333,0.875,1,0.779167,0.933333,0.625,0,True,True,False,True,0,19,19,1,"{""k2_answer_with_sources"": 1}",0,0.666667,0.666667,0,1,1,0,1,1,0,1,1,0.5,0.75,0.25,0,1,1,0,1,1,,,0,flink docs for Flink checkpointing pattern for CheckpointStorageCoordinatorView; CheckpointStorageCoordinatorView source; CheckpointStorageCoordinatorView neighboring test,CheckpointStorageCoordinatorView neighboring test,docs; code; test,,docs; flink-runtime,,checkpointing,,checkpointing; savepoint,savepoint,repo://apache/flink@release-2.2.0/flink-runtime/src/main/java/org/apache/flink/runtime/state/CheckpointStorageCoordinatorView.java,,repo://apache/flink@release-2.2.0/flink-runtime/src/main/java/org/apache/flink/runtime/state/CheckpointStorageCoordinatorView.java,,,
45,flink-checkpointing-state-backend,Flink checkpointing pattern for StateBackend,"For Flink checkpointing 2.2.0, inspect `StateBackend`: explain state backend responsibilities during checkpointing. Which version-pinned docs, implementation class, and neighboring tests should anchor the answer?",codex_without_k2,codex_with_k2_real_mcp,0.1875,0,0.375,1,0.904167,0.933333,0.875,1,0.716667,0.933333,0.5,0,True,True,False,True,0,16,16,1,"{""k2_answer_with_sources"": 1}",0,0.666667,0.666667,0,1,1,0,1,1,0,1,1,0.75,0.75,0,0,1,1,0,1,1,,,0,flink docs for Flink checkpointing pattern for StateBackend; StateBackend source; StateBackend neighboring test,StateBackend neighboring test,docs; code; test,,docs; flink-runtime,,checkpointing,,savepoint,savepoint,repo://apache/flink@release-2.2.0/flink-runtime/src/main/java/org/apache/flink/runtime/state/StateBackend.java,,repo://apache/flink@release-2.2.0/flink-runtime/src/main/java/org/apache/flink/runtime/state/StateBackend.java,,,
46,flink-checkpointing-operator-state-backend,Flink checkpointing pattern for OperatorStateBackend,"For Flink checkpointing 2.2.0, inspect `OperatorStateBackend`: inspect operator-state checkpointing responsibilities. Which version-pinned docs, implementation class, and neighboring tests should anchor the answer?",codex_without_k2,codex_with_k2_real_mcp,0.1875,0,0.375,1,0.9375,1,0.875,1,0.75,1,0.5,0,True,True,False,True,0,18,18,1,"{""k2_answer_with_sources"": 1}",0,1,1,0,1,1,0,1,1,0,1,1,0.75,0.75,0,0,1,1,0,1,1,,,0,flink docs for Flink checkpointing pattern for OperatorStateBackend; OperatorStateBackend source; OperatorStateBackend neighboring test,,docs; code; test,,docs; flink-runtime,,checkpointing,,savepoint,savepoint,repo://apache/flink@release-2.2.0/flink-runtime/src/main/java/org/apache/flink/runtime/state/OperatorStateBackend.java,,repo://apache/flink@release-2.2.0/flink-runtime/src/main/java/org/apache/flink/runtime/state/OperatorStateBackend.java,,,
47,flink-checkpointing-keyed-state-backend,Flink checkpointing pattern for KeyedStateBackend,"For Flink checkpointing 2.2.0, inspect `KeyedStateBackend`: inspect keyed-state checkpointing responsibilities. Which version-pinned docs, implementation class, and neighboring tests should anchor the answer?",codex_without_k2,codex_with_k2_real_mcp,0.1875,0,0.375,1,0.966667,0.933333,1,1,0.779167,0.933333,0.625,0,True,True,False,True,0,21,21,1,"{""k2_answer_with_sources"": 1}",0,0.666667,0.666667,0,1,1,0,1,1,0,1,1,0.75,1,0.25,0,1,1,0,1,1,,,0,flink docs for Flink checkpointing pattern for KeyedStateBackend; KeyedStateBackend source; KeyedStateBackend neighboring test,KeyedStateBackend neighboring test,docs; code; test,,docs; flink-runtime,,checkpointing,,savepoint,,repo://apache/flink@release-2.2.0/flink-runtime/src/main/java/org/apache/flink/runtime/state/KeyedStateBackend.java,,repo://apache/flink@release-2.2.0/flink-runtime/src/main/java/org/apache/flink/runtime/state/KeyedStateBackend.java,,,
48,flink-checkpointing-savepoint-restore-settings,Flink checkpointing pattern for SavepointRestoreSettings,"For Flink checkpointing 2.2.0, inspect `SavepointRestoreSettings`: explain savepoint restore settings during upgrades. Which version-pinned docs, implementation class, and neighboring tests should anchor the answer?",codex_without_k2,codex_with_k2_real_mcp,0.25,0,0.5,1,1,1,1,1,0.75,1,0.5,0,True,True,False,True,0,13,13,1,"{""k2_answer_with_sources"": 1}",0,1,1,0,1,1,0,1,1,0,1,1,1,1,0,0,1,1,0,1,1,,,0,flink docs for Flink checkpointing pattern for SavepointRestoreSettings; SavepointRestoreSettings source; SavepointRestoreSettings neighboring test,,docs; code; test,,docs; flink-runtime,,checkpointing,,,,repo://apache/flink@release-2.2.0/flink-runtime/src/main/java/org/apache/flink/runtime/jobgraph/SavepointRestoreSettings.java,,repo://apache/flink@release-2.2.0/flink-runtime/src/main/java/org/apache/flink/runtime/jobgraph/SavepointRestoreSettings.java,,,
49,flink-checkpointing-savepoint-format-type,Flink checkpointing pattern for SavepointFormatType,"For Flink checkpointing 2.2.0, inspect `SavepointFormatType`: explain savepoint format choices. Which version-pinned docs, implementation class, and neighboring tests should anchor the answer?",codex_without_k2,codex_with_k2_real_mcp,0.25,0,0.5,1,0.904167,0.933333,0.875,1,0.654167,0.933333,0.375,0,True,True,False,True,0,27,27,8,"{""k2_answer_with_sources"": 1, ""k2_search_code"": 4, ""k2_search_docs"": 1, ""k2_search_tests"": 2}",0,0.666667,0.666667,0,1,1,0,1,1,0,1,1,1,0.75,-0.25,0,1,1,0,1,1,,,0,flink docs for Flink checkpointing pattern for SavepointFormatType; SavepointFormatType source; SavepointFormatType neighboring test,SavepointFormatType neighboring test,docs; code; test,,docs; flink-core,,checkpointing,,,checkpointing,repo://apache/flink@release-2.2.0/flink-core/src/main/java/org/apache/flink/core/execution/SavepointFormatType.java,,repo://apache/flink@release-2.2.0/flink-core/src/main/java/org/apache/flink/core/execution/SavepointFormatType.java,,,
50,flink-checkpointing-checkpoint-coordinator-configuration,Flink checkpointing pattern for CheckpointCoordinatorConfiguration,"For Flink checkpointing 2.2.0, inspect `CheckpointCoordinatorConfiguration`: inspect checkpoint coordinator configuration options. Which version-pinned docs, implementation class, and neighboring tests should anchor the answer?",codex_without_k2,codex_with_k2_real_mcp,0.125,0,0.25,1,0.904167,0.933333,0.875,1,0.779167,0.933333,0.625,0,True,True,False,True,0,20,20,1,"{""k2_answer_with_sources"": 1}",0,0.666667,0.666667,0,1,1,0,1,1,0,1,1,0.5,0.75,0.25,0,1,1,0,1,1,,,0,flink docs for Flink checkpointing pattern for CheckpointCoordinatorConfiguration; CheckpointCoordinatorConfiguration source; CheckpointCoordinatorConfiguration neighboring test,CheckpointCoordinatorConfiguration neighboring test,docs; code; test,,docs; flink-runtime,,checkpointing,,state; savepoint,savepoint,repo://apache/flink@release-2.2.0/flink-runtime/src/main/java/org/apache/flink/runtime/jobgraph/tasks/CheckpointCoordinatorConfiguration.java,,repo://apache/flink@release-2.2.0/flink-runtime/src/main/java/org/apache/flink/runtime/jobgraph/tasks/CheckpointCoordinatorConfiguration.java,,,
51,kafka-rest-connector-plugins-resource,Kafka Connect pattern for ConnectorPluginsResource,"For Kafka Connect REST 4.2.0, inspect `ConnectorPluginsResource`: trace connector plugin validation through the REST resource. Which version-pinned docs, implementation class, and neighboring tests should anchor the answer?",codex_without_k2,codex_with_k2_real_mcp,0.25,0,0.5,1,1,1,1,1,0.75,1,0.5,0,True,True,False,True,0,11,11,1,"{""k2_answer_with_sources"": 1}",0,1,1,0,1,1,0,1,1,0,1,1,1,1,0,0,1,1,0,1,1,,,0,kafka docs for Kafka Connect pattern for ConnectorPluginsResource; ConnectorPluginsResource source; ConnectorPluginsResource neighboring test,,docs; code; test,,docs; connect,,rest,,,,repo://apache/kafka@4.2/connect/runtime/src/main/java/org/apache/kafka/connect/runtime/rest/resources/ConnectorPluginsResource.java,,repo://apache/kafka@4.2/connect/runtime/src/main/java/org/apache/kafka/connect/runtime/rest/resources/ConnectorPluginsResource.java,,,
52,kafka-connect-abstract-herder,Kafka Connect pattern for AbstractHerder,"For Kafka Connect 4.2.0, inspect `AbstractHerder`: trace connector configuration validation in the herder layer. Which version-pinned docs, implementation class, and neighboring tests should anchor the answer?",codex_without_k2,codex_with_k2_real_mcp,0.166667,0,0.333334,1,1,1,1,1,0.833333,1,0.666666,0,True,True,False,True,0,15,15,1,"{""k2_answer_with_sources"": 1}",0,1,1,0,1,1,0,1,1,0,1,1,0.666667,1,0.333333,0,1,1,0,1,1,,,0,kafka docs for Kafka Connect pattern for AbstractHerder; AbstractHerder source; AbstractHerder neighboring test,,docs; code; test,,docs; connect,,connect,,Kafka Connect,,repo://apache/kafka@4.2/connect/runtime/src/main/java/org/apache/kafka/connect/runtime/AbstractHerder.java,,repo://apache/kafka@4.2/connect/runtime/src/main/java/org/apache/kafka/connect/runtime/AbstractHerder.java,,,
53,kafka-connect-distributed-herder,Kafka Connect pattern for DistributedHerder,"For Kafka Connect 4.2.0, inspect `DistributedHerder`: inspect distributed connector config update behavior. Which version-pinned docs, implementation class, and neighboring tests should anchor the answer?",codex_without_k2,codex_with_k2_real_mcp,0.25,0,0.5,1,1,1,1,1,0.75,1,0.5,0,True,True,False,True,0,17,17,1,"{""k2_answer_with_sources"": 1}",0,1,1,0,1,1,0,1,1,0,1,1,1,1,0,0,1,1,0,1,1,,,0,kafka docs for Kafka Connect pattern for DistributedHerder; DistributedHerder source; DistributedHerder neighboring test,,docs; code; test,,docs; connect,,connect,,,,repo://apache/kafka@4.2/connect/runtime/src/main/java/org/apache/kafka/connect/runtime/distributed/DistributedHerder.java,,repo://apache/kafka@4.2/connect/runtime/src/main/java/org/apache/kafka/connect/runtime/distributed/DistributedHerder.java,,,
54,kafka-connect-standalone-herder,Kafka Connect pattern for StandaloneHerder,"For Kafka Connect 4.2.0, inspect `StandaloneHerder`: inspect standalone connector config update behavior. Which version-pinned docs, implementation class, and neighboring tests should anchor the answer?",codex_without_k2,codex_with_k2_real_mcp,0.166667,0,0.333334,1,1,1,1,1,0.833333,1,0.666666,0,True,True,False,True,0,13,13,1,"{""k2_answer_with_sources"": 1}",0,1,1,0,1,1,0,1,1,0,1,1,0.666667,1,0.333333,0,1,1,0,1,1,,,0,kafka docs for Kafka Connect pattern for StandaloneHerder; StandaloneHerder source; StandaloneHerder neighboring test,,docs; code; test,,docs; connect,,connect,,configuration,,repo://apache/kafka@4.2/connect/runtime/src/main/java/org/apache/kafka/connect/runtime/standalone/StandaloneHerder.java,,repo://apache/kafka@4.2/connect/runtime/src/main/java/org/apache/kafka/connect/runtime/standalone/StandaloneHerder.java,,,
55,kafka-connect-herder,Kafka Connect pattern for Herder,"For Kafka Connect 4.2.0, inspect `Herder`: identify the connector management interface. Which version-pinned docs, implementation class, and neighboring tests should anchor the answer?",codex_without_k2,codex_with_k2_real_mcp,0.25,0,0.5,1,0.583333,0.666667,0.5,1,0.333333,0.666667,0,0,True,True,False,False,0,24,24,21,"{""k2_answer_with_sources"": 1, ""k2_search_code"": 9, ""k2_search_docs"": 2, ""k2_search_tests"": 9}",0,0.333333,0.333333,0,1,1,0,1,1,0,1,1,1,1,0,0,0,0,0,0,0,,,0,kafka docs for Kafka Connect pattern for Herder; Herder source; Herder neighboring test,Herder source; Herder neighboring test,docs; code; test,,docs; connect,,connect,,,,repo://apache/kafka@4.2/connect/runtime/src/main/java/org/apache/kafka/connect/runtime/Herder.java,repo://apache/kafka@4.2/connect/runtime/src/main/java/org/apache/kafka/connect/runtime/Herder.java,repo://apache/kafka@4.2/connect/runtime/src/main/java/org/apache/kafka/connect/runtime/Herder.java,repo://apache/kafka@4.2/connect/runtime/src/main/java/org/apache/kafka/connect/runtime/Herder.java,,
56,kafka-connect-worker,Kafka Connect pattern for Worker,"For Kafka Connect 4.2.0, inspect `Worker`: trace connector and task lifecycle responsibilities. Which version-pinned docs, implementation class, and neighboring tests should anchor the answer?",codex_without_k2,codex_with_k2_real_mcp,0.25,0,0.5,1,0.583333,0.666667,0.5,1,0.333333,0.666667,0,0,True,True,False,False,0,10,10,1,"{""k2_answer_with_sources"": 1}",0,0.333333,0.333333,0,1,1,0,1,1,0,1,1,1,1,0,0,0,0,0,0,0,,,0,kafka docs for Kafka Connect pattern for Worker; Worker source; Worker neighboring test,Worker source; Worker neighboring test,docs; code; test,,docs; connect,,connect,,,,repo://apache/kafka@4.2/connect/runtime/src/main/java/org/apache/kafka/connect/runtime/Worker.java,repo://apache/kafka@4.2/connect/runtime/src/main/java/org/apache/kafka/connect/runtime/Worker.java,repo://apache/kafka@4.2/connect/runtime/src/main/java/org/apache/kafka/connect/runtime/Worker.java,repo://apache/kafka@4.2/connect/runtime/src/main/java/org/apache/kafka/connect/runtime/Worker.java,,
57,kafka-connect-worker-connector,Kafka Connect pattern for WorkerConnector,"For Kafka Connect 4.2.0, inspect `WorkerConnector`: inspect connector startup and failure handling. Which version-pinned docs, implementation class, and neighboring tests should anchor the answer?",codex_without_k2,codex_with_k2_real_mcp,0.166667,0,0.333334,1,1,1,1,1,0.833333,1,0.666666,0,True,True,False,True,0,15,15,1,"{""k2_answer_with_sources"": 1}",0,1,1,0,1,1,0,1,1,0,1,1,0.666667,1,0.333333,0,1,1,0,1,1,,,0,kafka docs for Kafka Connect pattern for WorkerConnector; WorkerConnector source; WorkerConnector neighboring test,,docs; code; test,,docs; connect,,connect,,Kafka Connect,,repo://apache/kafka@4.2/connect/runtime/src/main/java/org/apache/kafka/connect/runtime/WorkerConnector.java,,repo://apache/kafka@4.2/connect/runtime/src/main/java/org/apache/kafka/connect/runtime/WorkerConnector.java,,,
58,kafka-connect-worker-task,Kafka Connect pattern for WorkerTask,"For Kafka Connect 4.2.0, inspect `WorkerTask`: inspect common task lifecycle behavior. Which version-pinned docs, implementation class, and neighboring tests should anchor the answer?",codex_without_k2,codex_with_k2_real_mcp,0.25,0,0.5,1,1,1,1,1,0.75,1,0.5,0,True,True,False,True,0,16,16,1,"{""k2_answer_with_sources"": 1}",0,1,1,0,1,1,0,1,1,0,1,1,1,1,0,0,1,1,0,1,1,,,0,kafka docs for Kafka Connect pattern for WorkerTask; WorkerTask source; WorkerTask neighboring test,,docs; code; test,,docs; connect,,connect,,,,repo://apache/kafka@4.2/connect/runtime/src/main/java/org/apache/kafka/connect/runtime/WorkerTask.java,,repo://apache/kafka@4.2/connect/runtime/src/main/java/org/apache/kafka/connect/runtime/WorkerTask.java,,,
59,kafka-connect-worker-sink-task,Kafka Connect pattern for WorkerSinkTask,"For Kafka Connect 4.2.0, inspect `WorkerSinkTask`: inspect sink task delivery and commit behavior. Which version-pinned docs, implementation class, and neighboring tests should anchor the answer?",codex_without_k2,codex_with_k2_real_mcp,0.166667,0,0.333334,1,1,1,1,1,0.833333,1,0.666666,0,True,True,False,True,0,15,15,1,"{""k2_answer_with_sources"": 1}",0,1,1,0,1,1,0,1,1,0,1,1,0.666667,1,0.333333,0,1,1,0,1,1,,,0,kafka docs for Kafka Connect pattern for WorkerSinkTask; WorkerSinkTask source; WorkerSinkTask neighboring test,,docs; code; test,,docs; connect,,connect,,connector,,repo://apache/kafka@4.2/connect/runtime/src/main/java/org/apache/kafka/connect/runtime/WorkerSinkTask.java,,repo://apache/kafka@4.2/connect/runtime/src/main/java/org/apache/kafka/connect/runtime/WorkerSinkTask.java,,,
60,kafka-connect-worker-source-task,Kafka Connect pattern for WorkerSourceTask,"For Kafka Connect 4.2.0, inspect `WorkerSourceTask`: inspect source task polling and commit behavior. Which version-pinned docs, implementation class, and neighboring tests should anchor the answer?",codex_without_k2,codex_with_k2_real_mcp,0.166667,0,0.333334,1,1,1,1,1,0.833333,1,0.666666,0,True,True,False,True,0,18,18,3,"{""k2_answer_with_sources"": 1, ""k2_search_code"": 1, ""k2_search_tests"": 1}",0,1,1,0,1,1,0,1,1,0,1,1,0.666667,1,0.333333,0,1,1,0,1,1,,,0,kafka docs for Kafka Connect pattern for WorkerSourceTask; WorkerSourceTask source; WorkerSourceTask neighboring test,,docs; code; test,,docs; connect,,connect,,connector,,repo://apache/kafka@4.2/connect/runtime/src/main/java/org/apache/kafka/connect/runtime/WorkerSourceTask.java,,repo://apache/kafka@4.2/connect/runtime/src/main/java/org/apache/kafka/connect/runtime/WorkerSourceTask.java,,,
61,kafka-connect-connector-config,Kafka Connect pattern for ConnectorConfig,"For Kafka Connect 4.2.0, inspect `ConnectorConfig`: explain shared connector configuration validation. Which version-pinned docs, implementation class, and neighboring tests should anchor the answer?",codex_without_k2,codex_with_k2_real_mcp,0.25,0,0.5,1,1,1,1,1,0.75,1,0.5,0,True,True,False,True,0,16,16,1,"{""k2_answer_with_sources"": 1}",0,1,1,0,1,1,0,1,1,0,1,1,1,1,0,0,1,1,0,1,1,,,0,kafka docs for Kafka Connect pattern for ConnectorConfig; ConnectorConfig source; ConnectorConfig neighboring test,,docs; code; test,,docs; connect,,connect,,,,repo://apache/kafka@4.2/connect/runtime/src/main/java/org/apache/kafka/connect/runtime/ConnectorConfig.java,,repo://apache/kafka@4.2/connect/runtime/src/main/java/org/apache/kafka/connect/runtime/ConnectorConfig.java,,,
62,kafka-connect-sink-connector-config,Kafka Connect pattern for SinkConnectorConfig,"For Kafka Connect 4.2.0, inspect `SinkConnectorConfig`: inspect sink connector-specific config validation. Which version-pinned docs, implementation class, and neighboring tests should anchor the answer?",codex_without_k2,codex_with_k2_real_mcp,0.25,0,0.5,1,0.966667,0.933333,1,1,0.716667,0.933333,0.5,0,True,True,False,True,0,15,15,1,"{""k2_answer_with_sources"": 1}",0,0.666667,0.666667,0,1,1,0,1,1,0,1,1,1,1,0,0,1,1,0,1,1,,,0,kafka docs for Kafka Connect pattern for SinkConnectorConfig; SinkConnectorConfig source; SinkConnectorConfig neighboring test,SinkConnectorConfig neighboring test,docs; code; test,,docs; connect,,connect,,,,repo://apache/kafka@4.2/connect/runtime/src/main/java/org/apache/kafka/connect/runtime/SinkConnectorConfig.java,,repo://apache/kafka@4.2/connect/runtime/src/main/java/org/apache/kafka/connect/runtime/SinkConnectorConfig.java,,,
63,kafka-connect-source-connector-config,Kafka Connect pattern for SourceConnectorConfig,"For Kafka Connect 4.2.0, inspect `SourceConnectorConfig`: inspect source connector-specific config validation. Which version-pinned docs, implementation class, and neighboring tests should anchor the answer?",codex_without_k2,codex_with_k2_real_mcp,0.166667,0,0.333334,1,1,1,1,1,0.833333,1,0.666666,0,True,True,False,True,0,16,16,1,"{""k2_answer_with_sources"": 1}",0,1,1,0,1,1,0,1,1,0,1,1,0.666667,1,0.333333,0,1,1,0,1,1,,,0,kafka docs for Kafka Connect pattern for SourceConnectorConfig; SourceConnectorConfig source; SourceConnectorConfig neighboring test,,docs; code; test,,docs; connect,,connect,,Kafka Connect,,repo://apache/kafka@4.2/connect/runtime/src/main/java/org/apache/kafka/connect/runtime/SourceConnectorConfig.java,,repo://apache/kafka@4.2/connect/runtime/src/main/java/org/apache/kafka/connect/runtime/SourceConnectorConfig.java,,,
64,kafka-connect-worker-config,Kafka Connect pattern for WorkerConfig,"For Kafka Connect 4.2.0, inspect `WorkerConfig`: inspect worker-level configuration parsing. Which version-pinned docs, implementation class, and neighboring tests should anchor the answer?",codex_without_k2,codex_with_k2_real_mcp,0.166667,0,0.333334,1,1,1,1,1,0.833333,1,0.666666,0,True,True,False,True,0,17,17,1,"{""k2_answer_with_sources"": 1}",0,1,1,0,1,1,0,1,1,0,1,1,0.666667,1,0.333333,0,1,1,0,1,1,,,0,kafka docs for Kafka Connect pattern for WorkerConfig; WorkerConfig source; WorkerConfig neighboring test,,docs; code; test,,docs; connect,,connect,,Kafka Connect,,repo://apache/kafka@4.2/connect/runtime/src/main/java/org/apache/kafka/connect/runtime/WorkerConfig.java,,repo://apache/kafka@4.2/connect/runtime/src/main/java/org/apache/kafka/connect/runtime/WorkerConfig.java,,,
65,kafka-connect-distributed-config,Kafka Connect pattern for DistributedConfig,"For Kafka Connect 4.2.0, inspect `DistributedConfig`: inspect distributed worker configuration behavior. Which version-pinned docs, implementation class, and neighboring tests should anchor the answer?",codex_without_k2,codex_with_k2_real_mcp,0.166667,0,0.333334,1,1,1,1,1,0.833333,1,0.666666,0,True,True,False,True,0,16,16,1,"{""k2_answer_with_sources"": 1}",0,1,1,0,1,1,0,1,1,0,1,1,0.666667,1,0.333333,0,1,1,0,1,1,,,0,kafka docs for Kafka Connect pattern for DistributedConfig; DistributedConfig source; DistributedConfig neighboring test,,docs; code; test,,docs; connect,,connect,,Kafka Connect,,repo://apache/kafka@4.2/connect/runtime/src/main/java/org/apache/kafka/connect/runtime/distributed/DistributedConfig.java,,repo://apache/kafka@4.2/connect/runtime/src/main/java/org/apache/kafka/connect/runtime/distributed/DistributedConfig.java,,,
66,kafka-connect-standalone-config,Kafka Connect pattern for StandaloneConfig,"For Kafka Connect 4.2.0, inspect `StandaloneConfig`: inspect standalone worker configuration behavior. Which version-pinned docs, implementation class, and neighboring tests should anchor the answer?",codex_without_k2,codex_with_k2_real_mcp,0.083333,0,0.166666,1,1,1,1,1,0.916667,1,0.833334,0,True,True,False,True,0,15,15,1,"{""k2_answer_with_sources"": 1}",0,1,1,0,1,1,0,1,1,0,1,1,0.333333,1,0.666667,0,1,1,0,1,1,,,0,kafka docs for Kafka Connect pattern for StandaloneConfig; StandaloneConfig source; StandaloneConfig neighboring test,,docs; code; test,,docs; connect,,connect,,Kafka Connect; configuration,,repo://apache/kafka@4.2/connect/runtime/src/main/java/org/apache/kafka/connect/runtime/standalone/StandaloneConfig.java,,repo://apache/kafka@4.2/connect/runtime/src/main/java/org/apache/kafka/connect/runtime/standalone/StandaloneConfig.java,,,
67,kafka-connect-config-def,Kafka Connect pattern for ConfigDef,"For Kafka Connect 4.2.0, inspect `ConfigDef`: explain Kafka configuration definition and validation semantics. Which version-pinned docs and implementation class should anchor the answer?",codex_without_k2,codex_with_k2_real_mcp,0.25,0,0.5,1,0.55,0.6,0.5,1,0.3,0.6,0,0,True,True,False,False,0,16,16,1,"{""k2_answer_with_sources"": 1}",0,0.5,0.5,0,1,1,0,0.5,0.5,0,1,1,1,1,0,0,0,0,0,0,0,,,0,kafka docs for Kafka Connect pattern for ConfigDef; ConfigDef source,ConfigDef source,docs; code,,docs; clients,clients,connect,,,,repo://apache/kafka@4.2/clients/src/main/java/org/apache/kafka/common/config/ConfigDef.java,repo://apache/kafka@4.2/clients/src/main/java/org/apache/kafka/common/config/ConfigDef.java,repo://apache/kafka@4.2/clients/src/main/java/org/apache/kafka/common/config/ConfigDef.java,repo://apache/kafka@4.2/clients/src/main/java/org/apache/kafka/common/config/ConfigDef.java,,
68,kafka-connect-config-value,Kafka Connect pattern for ConfigValue,"For Kafka Connect 4.2.0, inspect `ConfigValue`: explain validation result representation. Which version-pinned docs and implementation class should anchor the answer?",codex_without_k2,codex_with_k2_real_mcp,0.25,0,0.5,1,1,1,1,1,0.75,1,0.5,0,True,True,False,True,0,17,17,1,"{""k2_answer_with_sources"": 1}",0,1,1,0,1,1,0,1,1,0,1,1,1,1,0,0,1,1,0,1,1,,,0,kafka docs for Kafka Connect pattern for ConfigValue; ConfigValue source,,docs; code,,docs; clients,,connect,,,,repo://apache/kafka@4.2/clients/src/main/java/org/apache/kafka/common/config/ConfigValue.java,,repo://apache/kafka@4.2/clients/src/main/java/org/apache/kafka/common/config/ConfigValue.java,,,
69,kafka-connect-config-transformer,Kafka Connect pattern for ConfigTransformer,"For Kafka Connect 4.2.0, inspect `ConfigTransformer`: inspect externalized configuration transformation behavior. Which version-pinned docs and implementation class should anchor the answer?",codex_without_k2,codex_with_k2_real_mcp,0.25,0,0.5,1,1,1,1,1,0.75,1,0.5,0,True,True,False,True,0,20,20,1,"{""k2_answer_with_sources"": 1}",0,1,1,0,1,1,0,1,1,0,1,1,1,1,0,0,1,1,0,1,1,,,0,kafka docs for Kafka Connect pattern for ConfigTransformer; ConfigTransformer source,,docs; code,,docs; clients,,connect,,,,repo://apache/kafka@4.2/clients/src/main/java/org/apache/kafka/common/config/ConfigTransformer.java,,repo://apache/kafka@4.2/clients/src/main/java/org/apache/kafka/common/config/ConfigTransformer.java,,,
70,kafka-connect-config-provider,Kafka Connect pattern for ConfigProvider,"For Kafka Connect 4.2.0, inspect `ConfigProvider`: inspect the config provider contract used for externalized secrets. Which version-pinned docs and implementation class should anchor the answer?",codex_without_k2,codex_with_k2_real_mcp,0.166667,0,0.333334,1,1,1,1,1,0.833333,1,0.666666,0,True,True,False,True,0,15,15,1,"{""k2_answer_with_sources"": 1}",0,1,1,0,1,1,0,1,1,0,1,1,0.666667,1,0.333333,0,1,1,0,1,1,,,0,kafka docs for Kafka Connect pattern for ConfigProvider; ConfigProvider source,,docs; code,,docs; clients,,connect,,configuration,,repo://apache/kafka@4.2/clients/src/main/java/org/apache/kafka/common/config/provider/ConfigProvider.java,,repo://apache/kafka@4.2/clients/src/main/java/org/apache/kafka/common/config/provider/ConfigProvider.java,,,
71,kafka-connect-plugins,Kafka Connect pattern for Plugins,"For Kafka Connect 4.2.0, inspect `Plugins`: trace plugin discovery and connector class loading. Which version-pinned docs, implementation class, and neighboring tests should anchor the answer?",codex_without_k2,codex_with_k2_real_mcp,0.25,0,0.5,1,0.966667,0.933333,1,1,0.716667,0.933333,0.5,0,True,True,False,True,0,13,13,1,"{""k2_answer_with_sources"": 1}",0,0.666667,0.666667,0,1,1,0,1,1,0,1,1,1,1,0,0,1,1,0,1,1,,,0,kafka docs for Kafka Connect pattern for Plugins; Plugins source; Plugins neighboring test,Plugins neighboring test,docs; code; test,,docs; connect,,connect,,,,repo://apache/kafka@4.2/connect/runtime/src/main/java/org/apache/kafka/connect/runtime/isolation/Plugins.java,,repo://apache/kafka@4.2/connect/runtime/src/main/java/org/apache/kafka/connect/runtime/isolation/Plugins.java,,,
72,kafka-connect-plugin-desc,Kafka Connect pattern for PluginDesc,"For Kafka Connect 4.2.0, inspect `PluginDesc`: inspect plugin descriptor metadata. Which version-pinned docs, implementation class, and neighboring tests should anchor the answer?",codex_without_k2,codex_with_k2_real_mcp,0.166667,0,0.333334,1,1,1,1,1,0.833333,1,0.666666,0,True,True,False,True,0,18,18,1,"{""k2_answer_with_sources"": 1}",0,1,1,0,1,1,0,1,1,0,1,1,0.666667,1,0.333333,0,1,1,0,1,1,,,0,kafka docs for Kafka Connect pattern for PluginDesc; PluginDesc source; PluginDesc neighboring test,,docs; code; test,,docs; connect,,connect,,Kafka Connect,,repo://apache/kafka@4.2/connect/runtime/src/main/java/org/apache/kafka/connect/runtime/isolation/PluginDesc.java,,repo://apache/kafka@4.2/connect/runtime/src/main/java/org/apache/kafka/connect/runtime/isolation/PluginDesc.java,,,
73,kafka-connect-plugin-type,Kafka Connect pattern for PluginType,"For Kafka Connect 4.2.0, inspect `PluginType`: inspect plugin type classification. Which version-pinned docs, implementation class, and neighboring tests should anchor the answer?",codex_without_k2,codex_with_k2_real_mcp,0.25,0,0.5,1,0.966667,0.933333,1,1,0.716667,0.933333,0.5,0,True,True,False,True,0,14,14,1,"{""k2_answer_with_sources"": 1}",0,0.666667,0.666667,0,1,1,0,1,1,0,1,1,1,1,0,0,1,1,0,1,1,,,0,kafka docs for Kafka Connect pattern for PluginType; PluginType source; PluginType neighboring test,PluginType neighboring test,docs; code; test,,docs; connect,,connect,,,,repo://apache/kafka@4.2/connect/runtime/src/main/java/org/apache/kafka/connect/runtime/isolation/PluginType.java,,repo://apache/kafka@4.2/connect/runtime/src/main/java/org/apache/kafka/connect/runtime/isolation/PluginType.java,,,
74,kafka-connect-delegating-class-loader,Kafka Connect pattern for DelegatingClassLoader,"For Kafka Connect 4.2.0, inspect `DelegatingClassLoader`: inspect plugin classloader delegation behavior. Which version-pinned docs, implementation class, and neighboring tests should anchor the answer?",codex_without_k2,codex_with_k2_real_mcp,0.25,0,0.5,1,1,1,1,1,0.75,1,0.5,0,True,True,False,True,0,16,16,1,"{""k2_answer_with_sources"": 1}",0,1,1,0,1,1,0,1,1,0,1,1,1,1,0,0,1,1,0,1,1,,,0,kafka docs for Kafka Connect pattern for DelegatingClassLoader; DelegatingClassLoader source; DelegatingClassLoader neighboring test,,docs; code; test,,docs; connect,,connect,,,,repo://apache/kafka@4.2/connect/runtime/src/main/java/org/apache/kafka/connect/runtime/isolation/DelegatingClassLoader.java,,repo://apache/kafka@4.2/connect/runtime/src/main/java/org/apache/kafka/connect/runtime/isolation/DelegatingClassLoader.java,,,
75,kafka-connect-plugin-class-loader,Kafka Connect pattern for PluginClassLoader,"For Kafka Connect 4.2.0, inspect `PluginClassLoader`: inspect isolated plugin class loading. Which version-pinned docs, implementation class, and neighboring tests should anchor the answer?",codex_without_k2,codex_with_k2_real_mcp,0.25,0,0.5,1,0.883333,0.933333,0.833333,1,0.633333,0.933333,0.333333,0,True,True,False,True,0,14,14,1,"{""k2_answer_with_sources"": 1}",0,0.666667,0.666667,0,1,1,0,1,1,0,1,1,1,0.666667,-0.333333,0,1,1,0,1,1,,,0,kafka docs for Kafka Connect pattern for PluginClassLoader; PluginClassLoader source; PluginClassLoader neighboring test,PluginClassLoader neighboring test,docs; code; test,,docs; connect,,connect,,,Kafka Connect,repo://apache/kafka@4.2/connect/runtime/src/main/java/org/apache/kafka/connect/runtime/isolation/PluginClassLoader.java,,repo://apache/kafka@4.2/connect/runtime/src/main/java/org/apache/kafka/connect/runtime/isolation/PluginClassLoader.java,,,
76,kafka-connect-plugin-scan-result,Kafka Connect pattern for PluginScanResult,"For Kafka Connect 4.2.0, inspect `PluginScanResult`: inspect plugin scanning results. Which version-pinned docs, implementation class, and neighboring tests should anchor the answer?",codex_without_k2,codex_with_k2_real_mcp,0.25,0,0.5,1,0.966667,0.933333,1,1,0.716667,0.933333,0.5,0,True,True,False,True,0,14,14,1,"{""k2_answer_with_sources"": 1}",0,0.666667,0.666667,0,1,1,0,1,1,0,1,1,1,1,0,0,1,1,0,1,1,,,0,kafka docs for Kafka Connect pattern for PluginScanResult; PluginScanResult source; PluginScanResult neighboring test,PluginScanResult neighboring test,docs; code; test,,docs; connect,,connect,,,,repo://apache/kafka@4.2/connect/runtime/src/main/java/org/apache/kafka/connect/runtime/isolation/PluginScanResult.java,,repo://apache/kafka@4.2/connect/runtime/src/main/java/org/apache/kafka/connect/runtime/isolation/PluginScanResult.java,,,
77,kafka-connect-plugin-utils,Kafka Connect pattern for PluginUtils,"For Kafka Connect 4.2.0, inspect `PluginUtils`: inspect plugin path and alias helper behavior. Which version-pinned docs, implementation class, and neighboring tests should anchor the answer?",codex_without_k2,codex_with_k2_real_mcp,0.166667,0,0.333334,1,1,1,1,1,0.833333,1,0.666666,0,True,True,False,True,0,16,16,1,"{""k2_answer_with_sources"": 1}",0,1,1,0,1,1,0,1,1,0,1,1,0.666667,1,0.333333,0,1,1,0,1,1,,,0,kafka docs for Kafka Connect pattern for PluginUtils; PluginUtils source; PluginUtils neighboring test,,docs; code; test,,docs; connect,,connect,,Kafka Connect,,repo://apache/kafka@4.2/connect/runtime/src/main/java/org/apache/kafka/connect/runtime/isolation/PluginUtils.java,,repo://apache/kafka@4.2/connect/runtime/src/main/java/org/apache/kafka/connect/runtime/isolation/PluginUtils.java,,,
78,kafka-rest-connect-rest-server,Kafka Connect pattern for ConnectRestServer,"For Kafka Connect REST 4.2.0, inspect `ConnectRestServer`: trace Connect REST server wiring. Which version-pinned docs, implementation class, and neighboring tests should anchor the answer?",codex_without_k2,codex_with_k2_real_mcp,0.166667,0,0.333334,1,1,1,1,1,0.833333,1,0.666666,0,True,True,False,True,0,12,12,1,"{""k2_answer_with_sources"": 1}",0,1,1,0,1,1,0,1,1,0,1,1,0.666667,1,0.333333,0,1,1,0,1,1,,,0,kafka docs for Kafka Connect pattern for ConnectRestServer; ConnectRestServer source; ConnectRestServer neighboring test,,docs; code; test,,docs; connect,,rest,,Kafka Connect,,repo://apache/kafka@4.2/connect/runtime/src/main/java/org/apache/kafka/connect/runtime/rest/ConnectRestServer.java,,repo://apache/kafka@4.2/connect/runtime/src/main/java/org/apache/kafka/connect/runtime/rest/ConnectRestServer.java,,,
79,kafka-rest-rest-server-config,Kafka Connect pattern for RestServerConfig,"For Kafka Connect REST 4.2.0, inspect `RestServerConfig`: inspect Connect REST server configuration. Which version-pinned docs, implementation class, and neighboring tests should anchor the answer?",codex_without_k2,codex_with_k2_real_mcp,0.166667,0,0.333334,1,1,1,1,1,0.833333,1,0.666666,0,True,True,False,True,0,14,14,1,"{""k2_answer_with_sources"": 1}",0,1,1,0,1,1,0,1,1,0,1,1,0.666667,1,0.333333,0,1,1,0,1,1,,,0,kafka docs for Kafka Connect pattern for RestServerConfig; RestServerConfig source; RestServerConfig neighboring test,,docs; code; test,,docs; connect,,rest,,Kafka Connect,,repo://apache/kafka@4.2/connect/runtime/src/main/java/org/apache/kafka/connect/runtime/rest/RestServerConfig.java,,repo://apache/kafka@4.2/connect/runtime/src/main/java/org/apache/kafka/connect/runtime/rest/RestServerConfig.java,,,
80,kafka-rest-connectors-resource,Kafka Connect pattern for ConnectorsResource,"For Kafka Connect REST 4.2.0, inspect `ConnectorsResource`: trace connector CRUD REST behavior. Which version-pinned docs, implementation class, and neighboring tests should anchor the answer?",codex_without_k2,codex_with_k2_real_mcp,0.166667,0,0.333334,1,1,1,1,1,0.833333,1,0.666666,0,True,True,False,True,0,13,13,1,"{""k2_answer_with_sources"": 1}",0,1,1,0,1,1,0,1,1,0,1,1,0.666667,1,0.333333,0,1,1,0,1,1,,,0,kafka docs for Kafka Connect pattern for ConnectorsResource; ConnectorsResource source; ConnectorsResource neighboring test,,docs; code; test,,docs; connect,,rest,,Kafka Connect,,repo://apache/kafka@4.2/connect/runtime/src/main/java/org/apache/kafka/connect/runtime/rest/resources/ConnectorsResource.java,,repo://apache/kafka@4.2/connect/runtime/src/main/java/org/apache/kafka/connect/runtime/rest/resources/ConnectorsResource.java,,,
81,kafka-rest-connector-state-info,Kafka Connect pattern for ConnectorStateInfo,"For Kafka Connect REST 4.2.0, inspect `ConnectorStateInfo`: inspect connector state response representation. Which version-pinned docs and implementation class should anchor the answer?",codex_without_k2,codex_with_k2_real_mcp,0.25,0,0.5,1,0.916667,1,0.833333,1,0.666667,1,0.333333,0,True,True,False,True,0,13,13,1,"{""k2_answer_with_sources"": 1}",0,1,1,0,1,1,0,1,1,0,1,1,1,0.666667,-0.333333,0,1,1,0,1,1,,,0,kafka docs for Kafka Connect pattern for ConnectorStateInfo; ConnectorStateInfo source,,docs; code,,docs; connect,,rest,,,Kafka Connect,repo://apache/kafka@4.2/connect/runtime/src/main/java/org/apache/kafka/connect/runtime/rest/entities/ConnectorStateInfo.java,,repo://apache/kafka@4.2/connect/runtime/src/main/java/org/apache/kafka/connect/runtime/rest/entities/ConnectorStateInfo.java,,,
82,kafka-rest-connector-info,Kafka Connect pattern for ConnectorInfo,"For Kafka Connect REST 4.2.0, inspect `ConnectorInfo`: inspect connector info response representation. Which version-pinned docs and implementation class should anchor the answer?",codex_without_k2,codex_with_k2_real_mcp,0.25,0,0.5,1,0.916667,1,0.833333,1,0.666667,1,0.333333,0,True,True,False,True,0,13,13,1,"{""k2_answer_with_sources"": 1}",0,1,1,0,1,1,0,1,1,0,1,1,1,0.666667,-0.333333,0,1,1,0,1,1,,,0,kafka docs for Kafka Connect pattern for ConnectorInfo; ConnectorInfo source,,docs; code,,docs; connect,,rest,,,Kafka Connect,repo://apache/kafka@4.2/connect/runtime/src/main/java/org/apache/kafka/connect/runtime/rest/entities/ConnectorInfo.java,,repo://apache/kafka@4.2/connect/runtime/src/main/java/org/apache/kafka/connect/runtime/rest/entities/ConnectorInfo.java,,,
83,kafka-rest-create-connector-request,Kafka Connect pattern for CreateConnectorRequest,"For Kafka Connect REST 4.2.0, inspect `CreateConnectorRequest`: inspect connector creation request validation. Which version-pinned docs, implementation class, and neighboring tests should anchor the answer?",codex_without_k2,codex_with_k2_real_mcp,0.166667,0,0.333334,1,0.916667,1,0.833333,1,0.75,1,0.499999,0,True,True,False,True,0,12,12,1,"{""k2_answer_with_sources"": 1}",0,1,1,0,1,1,0,1,1,0,1,1,0.666667,0.666667,0,0,1,1,0,1,1,,,0,kafka docs for Kafka Connect pattern for CreateConnectorRequest; CreateConnectorRequest source; CreateConnectorRequest neighboring test,,docs; code; test,,docs; connect,,rest,,Kafka Connect,Kafka Connect,repo://apache/kafka@4.2/connect/runtime/src/main/java/org/apache/kafka/connect/runtime/rest/entities/CreateConnectorRequest.java,,repo://apache/kafka@4.2/connect/runtime/src/main/java/org/apache/kafka/connect/runtime/rest/entities/CreateConnectorRequest.java,,,
84,kafka-rest-connector-type,Kafka Connect pattern for ConnectorType,"For Kafka Connect REST 4.2.0, inspect `ConnectorType`: inspect connector type classification. Which version-pinned docs, implementation class, and neighboring tests should anchor the answer?",codex_without_k2,codex_with_k2_real_mcp,0.166667,0,0.333334,1,1,1,1,1,0.833333,1,0.666666,0,True,True,False,True,0,13,13,1,"{""k2_answer_with_sources"": 1}",0,1,1,0,1,1,0,1,1,0,1,1,0.666667,1,0.333333,0,1,1,0,1,1,,,0,kafka docs for Kafka Connect pattern for ConnectorType; ConnectorType source; ConnectorType neighboring test,,docs; code; test,,docs; connect,,rest,,Kafka Connect,,repo://apache/kafka@4.2/connect/runtime/src/main/java/org/apache/kafka/connect/runtime/rest/entities/ConnectorType.java,,repo://apache/kafka@4.2/connect/runtime/src/main/java/org/apache/kafka/connect/runtime/rest/entities/ConnectorType.java,,,
85,kafka-connect-connector,Kafka Connect pattern for Connector,"For Kafka Connect 4.2.0, inspect `Connector`: inspect the base connector contract. Which version-pinned docs, implementation class, and neighboring tests should anchor the answer?",codex_without_k2,codex_with_k2_real_mcp,0.25,0,0.5,1,0.933333,0.866667,1,1,0.683333,0.866667,0.5,0,True,True,False,True,0,17,17,1,"{""k2_answer_with_sources"": 1}",0,0.333333,0.333333,0,1,1,0,1,1,0,1,1,1,1,0,0,1,1,0,1,1,,,0,kafka docs for Kafka Connect pattern for Connector; Connector source; Connector neighboring test,Connector source; Connector neighboring test,docs; code; test,,docs; connect,,connect,,,,repo://apache/kafka@4.2/connect/api/src/main/java/org/apache/kafka/connect/connector/Connector.java,,repo://apache/kafka@4.2/connect/api/src/main/java/org/apache/kafka/connect/connector/Connector.java,,,
86,kafka-connect-source-connector,Kafka Connect pattern for SourceConnector,"For Kafka Connect 4.2.0, inspect `SourceConnector`: inspect source connector implementation responsibilities. Which version-pinned docs, implementation class, and neighboring tests should anchor the answer?",codex_without_k2,codex_with_k2_real_mcp,0.25,0,0.5,1,0.966667,0.933333,1,1,0.716667,0.933333,0.5,0,True,True,False,True,0,13,13,1,"{""k2_answer_with_sources"": 1}",0,0.666667,0.666667,0,1,1,0,1,1,0,1,1,1,1,0,0,1,1,0,1,1,,,0,kafka docs for Kafka Connect pattern for SourceConnector; SourceConnector source; SourceConnector neighboring test,SourceConnector neighboring test,docs; code; test,,docs; connect,,connect,,,,repo://apache/kafka@4.2/connect/api/src/main/java/org/apache/kafka/connect/source/SourceConnector.java,,repo://apache/kafka@4.2/connect/api/src/main/java/org/apache/kafka/connect/source/SourceConnector.java,,,
87,kafka-connect-sink-connector,Kafka Connect pattern for SinkConnector,"For Kafka Connect 4.2.0, inspect `SinkConnector`: inspect sink connector implementation responsibilities. Which version-pinned docs, implementation class, and neighboring tests should anchor the answer?",codex_without_k2,codex_with_k2_real_mcp,0.25,0,0.5,1,0.966667,0.933333,1,1,0.716667,0.933333,0.5,0,True,True,False,True,0,13,13,1,"{""k2_answer_with_sources"": 1}",0,0.666667,0.666667,0,1,1,0,1,1,0,1,1,1,1,0,0,1,1,0,1,1,,,0,kafka docs for Kafka Connect pattern for SinkConnector; SinkConnector source; SinkConnector neighboring test,SinkConnector neighboring test,docs; code; test,,docs; connect,,connect,,,,repo://apache/kafka@4.2/connect/api/src/main/java/org/apache/kafka/connect/sink/SinkConnector.java,,repo://apache/kafka@4.2/connect/api/src/main/java/org/apache/kafka/connect/sink/SinkConnector.java,,,
88,kafka-connect-transformation,Kafka Connect pattern for Transformation,"For Kafka Connect 4.2.0, inspect `Transformation`: inspect single-message transform behavior. Which version-pinned docs, implementation class, and neighboring tests should anchor the answer?",codex_without_k2,codex_with_k2_real_mcp,0.083333,0,0.166666,1,0.933333,0.866667,1,1,0.85,0.866667,0.833334,0,True,True,False,True,0,19,19,1,"{""k2_answer_with_sources"": 1}",0,0.333333,0.333333,0,1,1,0,1,1,0,1,1,0.333333,1,0.666667,0,1,1,0,1,1,,,0,kafka docs for Kafka Connect pattern for Transformation; Transformation source; Transformation neighboring test,Transformation source; Transformation neighboring test,docs; code; test,,docs; connect,,connect,,Kafka Connect; connector,,repo://apache/kafka@4.2/connect/api/src/main/java/org/apache/kafka/connect/transforms/Transformation.java,,repo://apache/kafka@4.2/connect/api/src/main/java/org/apache/kafka/connect/transforms/Transformation.java,,,
89,kafka-connect-header-converter,Kafka Connect pattern for HeaderConverter,"For Kafka Connect 4.2.0, inspect `HeaderConverter`: inspect header conversion behavior. Which version-pinned docs, implementation class, and neighboring tests should anchor the answer?",codex_without_k2,codex_with_k2_real_mcp,0.166667,0,0.333334,1,0.966667,0.933333,1,1,0.8,0.933333,0.666666,0,True,True,False,True,0,16,16,1,"{""k2_answer_with_sources"": 1}",0,0.666667,0.666667,0,1,1,0,1,1,0,1,1,0.666667,1,0.333333,0,1,1,0,1,1,,,0,kafka docs for Kafka Connect pattern for HeaderConverter; HeaderConverter source; HeaderConverter neighboring test,HeaderConverter neighboring test,docs; code; test,,docs; connect,,connect,,connector,,repo://apache/kafka@4.2/connect/api/src/main/java/org/apache/kafka/connect/storage/HeaderConverter.java,,repo://apache/kafka@4.2/connect/api/src/main/java/org/apache/kafka/connect/storage/HeaderConverter.java,,,
90,kafka-connect-converter,Kafka Connect pattern for Converter,"For Kafka Connect 4.2.0, inspect `Converter`: inspect value/key conversion behavior. Which version-pinned docs, implementation class, and neighboring tests should anchor the answer?",codex_without_k2,codex_with_k2_real_mcp,0.083333,0,0.166666,1,0.583333,0.666667,0.5,1,0.5,0.666667,0.333334,0,True,True,False,False,0,13,13,1,"{""k2_answer_with_sources"": 1}",0,0.333333,0.333333,0,1,1,0,1,1,0,1,1,0.333333,1,0.666667,0,0,0,0,0,0,,,0,kafka docs for Kafka Connect pattern for Converter; Converter source; Converter neighboring test,Converter source; Converter neighboring test,docs; code; test,,docs; connect,,connect,,Kafka Connect; connector,,repo://apache/kafka@4.2/connect/api/src/main/java/org/apache/kafka/connect/storage/Converter.java,repo://apache/kafka@4.2/connect/api/src/main/java/org/apache/kafka/connect/storage/Converter.java,repo://apache/kafka@4.2/connect/api/src/main/java/org/apache/kafka/connect/storage/Converter.java,repo://apache/kafka@4.2/connect/api/src/main/java/org/apache/kafka/connect/storage/Converter.java,,
91,kafka-connect-schemas,Kafka Connect pattern for Schema,"For Kafka Connect 4.2.0, inspect `Schema`: inspect Connect schema representation. Which version-pinned docs, implementation class, and neighboring tests should anchor the answer?",codex_without_k2,codex_with_k2_real_mcp,0.25,0,0.5,1,0.583333,0.666667,0.5,1,0.333333,0.666667,0,0,True,True,False,False,0,24,24,9,"{""k2_answer_with_sources"": 1, ""k2_search_code"": 1, ""k2_search_tests"": 7}",0,0.333333,0.333333,0,1,1,0,1,1,0,1,1,1,1,0,0,0,0,0,0,0,,,0,kafka docs for Kafka Connect pattern for Schema; Schema source; Schema neighboring test,Schema source; Schema neighboring test,docs; code; test,,docs; connect,,connect,,,,repo://apache/kafka@4.2/connect/api/src/main/java/org/apache/kafka/connect/data/Schema.java,repo://apache/kafka@4.2/connect/api/src/main/java/org/apache/kafka/connect/data/Schema.java,repo://apache/kafka@4.2/connect/api/src/main/java/org/apache/kafka/connect/data/Schema.java,repo://apache/kafka@4.2/connect/api/src/main/java/org/apache/kafka/connect/data/Schema.java,,
92,kafka-connect-schema-builder,Kafka Connect pattern for SchemaBuilder,"For Kafka Connect 4.2.0, inspect `SchemaBuilder`: inspect Connect schema construction behavior. Which version-pinned docs, implementation class, and neighboring tests should anchor the answer?",codex_without_k2,codex_with_k2_real_mcp,0.166667,0,0.333334,1,0.966667,0.933333,1,1,0.8,0.933333,0.666666,0,True,True,False,True,0,13,13,1,"{""k2_answer_with_sources"": 1}",0,0.666667,0.666667,0,1,1,0,1,1,0,1,1,0.666667,1,0.333333,0,1,1,0,1,1,,,0,kafka docs for Kafka Connect pattern for SchemaBuilder; SchemaBuilder source; SchemaBuilder neighboring test,SchemaBuilder neighboring test,docs; code; test,,docs; connect,,connect,,Kafka Connect,,repo://apache/kafka@4.2/connect/api/src/main/java/org/apache/kafka/connect/data/SchemaBuilder.java,,repo://apache/kafka@4.2/connect/api/src/main/java/org/apache/kafka/connect/data/SchemaBuilder.java,,,
93,kafka-connect-struct,Kafka Connect pattern for Struct,"For Kafka Connect 4.2.0, inspect `Struct`: inspect structured Connect data validation. Which version-pinned docs, implementation class, and neighboring tests should anchor the answer?",codex_without_k2,codex_with_k2_real_mcp,0.25,0,0.5,1,0.933333,0.866667,1,1,0.683333,0.866667,0.5,0,True,True,False,True,0,16,16,2,"{""k2_answer_with_sources"": 1, ""k2_search_tests"": 1}",0,0.333333,0.333333,0,1,1,0,1,1,0,1,1,1,1,0,0,1,1,0,1,1,,,0,kafka docs for Kafka Connect pattern for Struct; Struct source; Struct neighboring test,Struct source; Struct neighboring test,docs; code; test,,docs; connect,,connect,,,,repo://apache/kafka@4.2/connect/api/src/main/java/org/apache/kafka/connect/data/Struct.java,,repo://apache/kafka@4.2/connect/api/src/main/java/org/apache/kafka/connect/data/Struct.java,,,
94,kafka-connect-sink-record,Kafka Connect pattern for SinkRecord,"For Kafka Connect 4.2.0, inspect `SinkRecord`: inspect sink record metadata available to connectors. Which version-pinned docs, implementation class, and neighboring tests should anchor the answer?",codex_without_k2,codex_with_k2_real_mcp,0.25,0,0.5,1,1,1,1,1,0.75,1,0.5,0,True,True,False,True,0,13,13,1,"{""k2_answer_with_sources"": 1}",0,1,1,0,1,1,0,1,1,0,1,1,1,1,0,0,1,1,0,1,1,,,0,kafka docs for Kafka Connect pattern for SinkRecord; SinkRecord source; SinkRecord neighboring test,,docs; code; test,,docs; connect,,connect,,,,repo://apache/kafka@4.2/connect/api/src/main/java/org/apache/kafka/connect/sink/SinkRecord.java,,repo://apache/kafka@4.2/connect/api/src/main/java/org/apache/kafka/connect/sink/SinkRecord.java,,,
95,kafka-connect-source-record,Kafka Connect pattern for SourceRecord,"For Kafka Connect 4.2.0, inspect `SourceRecord`: inspect source record construction and partition metadata. Which version-pinned docs, implementation class, and neighboring tests should anchor the answer?",codex_without_k2,codex_with_k2_real_mcp,0.166667,0,0.333334,1,0.966667,0.933333,1,1,0.8,0.933333,0.666666,0,True,True,False,True,0,14,14,1,"{""k2_answer_with_sources"": 1}",0,0.666667,0.666667,0,1,1,0,1,1,0,1,1,0.666667,1,0.333333,0,1,1,0,1,1,,,0,kafka docs for Kafka Connect pattern for SourceRecord; SourceRecord source; SourceRecord neighboring test,SourceRecord neighboring test,docs; code; test,,docs; connect,,connect,,Kafka Connect,,repo://apache/kafka@4.2/connect/api/src/main/java/org/apache/kafka/connect/source/SourceRecord.java,,repo://apache/kafka@4.2/connect/api/src/main/java/org/apache/kafka/connect/source/SourceRecord.java,,,
96,kafka-connect-connector-client-config-request,Kafka Connect pattern for ConnectorClientConfigRequest,"For Kafka Connect 4.2.0, inspect `ConnectorClientConfigRequest`: inspect connector client override policy inputs. Which version-pinned docs, implementation class, and neighboring tests should anchor the answer?",codex_without_k2,codex_with_k2_real_mcp,0.166667,0,0.333334,1,0.966667,0.933333,1,1,0.8,0.933333,0.666666,0,True,True,False,True,0,18,18,2,"{""k2_answer_with_sources"": 1, ""k2_search_tests"": 1}",0,0.666667,0.666667,0,1,1,0,1,1,0,1,1,0.666667,1,0.333333,0,1,1,0,1,1,,,0,kafka docs for Kafka Connect pattern for ConnectorClientConfigRequest; ConnectorClientConfigRequest source; ConnectorClientConfigRequest neighboring test,ConnectorClientConfigRequest neighboring test,docs; code; test,,docs; connect,,connect,,Kafka Connect,,repo://apache/kafka@4.2/connect/api/src/main/java/org/apache/kafka/connect/connector/policy/ConnectorClientConfigRequest.java,,repo://apache/kafka@4.2/connect/api/src/main/java/org/apache/kafka/connect/connector/policy/ConnectorClientConfigRequest.java,,,
97,kafka-connect-connector-client-config-override-policy,Kafka Connect pattern for ConnectorClientConfigOverridePolicy,"For Kafka Connect 4.2.0, inspect `ConnectorClientConfigOverridePolicy`: inspect connector client override validation behavior. Which version-pinned docs, implementation class, and neighboring tests should anchor the answer?",codex_without_k2,codex_with_k2_real_mcp,0.166667,0,0.333334,1,0.916667,1,0.833333,1,0.75,1,0.499999,0,True,True,False,True,0,18,18,1,"{""k2_answer_with_sources"": 1}",0,1,1,0,1,1,0,1,1,0,1,1,0.666667,0.666667,0,0,1,1,0,1,1,,,0,kafka docs for Kafka Connect pattern for ConnectorClientConfigOverridePolicy; ConnectorClientConfigOverridePolicy source; ConnectorClientConfigOverridePolicy neighboring test,,docs; code; test,,docs; connect,,connect,,Kafka Connect,Kafka Connect,repo://apache/kafka@4.2/connect/api/src/main/java/org/apache/kafka/connect/connector/policy/ConnectorClientConfigOverridePolicy.java,,repo://apache/kafka@4.2/connect/api/src/main/java/org/apache/kafka/connect/connector/policy/ConnectorClientConfigOverridePolicy.java,,,
98,kafka-connect-abstract-connector-client-config-override-policy,Kafka Connect pattern for AbstractConnectorClientConfigOverridePolicy,"For Kafka Connect 4.2.0, inspect `AbstractConnectorClientConfigOverridePolicy`: inspect shared connector client override policy behavior. Which version-pinned docs, implementation class, and neighboring tests should anchor the answer?",codex_without_k2,codex_with_k2_real_mcp,0.083333,0,0.166666,1,0.883333,0.933333,0.833333,1,0.8,0.933333,0.666667,0,True,True,False,True,0,16,16,1,"{""k2_answer_with_sources"": 1}",0,0.666667,0.666667,0,1,1,0,1,1,0,1,1,0.333333,0.666667,0.333334,0,1,1,0,1,1,,,0,kafka docs for Kafka Connect pattern for AbstractConnectorClientConfigOverridePolicy; AbstractConnectorClientConfigOverridePolicy source; AbstractConnectorClientConfigOverridePolicy neighboring test,AbstractConnectorClientConfigOverridePolicy neighboring test,docs; code; test,,docs; connect,,connect,,Kafka Connect; configuration,Kafka Connect,repo://apache/kafka@4.2/connect/runtime/src/main/java/org/apache/kafka/connect/connector/policy/AbstractConnectorClientConfigOverridePolicy.java,,repo://apache/kafka@4.2/connect/runtime/src/main/java/org/apache/kafka/connect/connector/policy/AbstractConnectorClientConfigOverridePolicy.java,,,
99,kafka-connect-none-connector-client-config-override-policy,Kafka Connect pattern for NoneConnectorClientConfigOverridePolicy,"For Kafka Connect 4.2.0, inspect `NoneConnectorClientConfigOverridePolicy`: inspect policy behavior when overrides are not allowed. Which version-pinned docs, implementation class, and neighboring tests should anchor the answer?",codex_without_k2,codex_with_k2_real_mcp,0.166667,0,0.333334,1,1,1,1,1,0.833333,1,0.666666,0,True,True,False,True,0,17,17,1,"{""k2_answer_with_sources"": 1}",0,1,1,0,1,1,0,1,1,0,1,1,0.666667,1,0.333333,0,1,1,0,1,1,,,0,kafka docs for Kafka Connect pattern for NoneConnectorClientConfigOverridePolicy; NoneConnectorClientConfigOverridePolicy source; NoneConnectorClientConfigOverridePolicy neighboring test,,docs; code; test,,docs; connect,,connect,,configuration,,repo://apache/kafka@4.2/connect/runtime/src/main/java/org/apache/kafka/connect/connector/policy/NoneConnectorClientConfigOverridePolicy.java,,repo://apache/kafka@4.2/connect/runtime/src/main/java/org/apache/kafka/connect/connector/policy/NoneConnectorClientConfigOverridePolicy.java,,,
100,kafka-connect-principal-connector-client-config-override-policy,Kafka Connect pattern for PrincipalConnectorClientConfigOverridePolicy,"For Kafka Connect 4.2.0, inspect `PrincipalConnectorClientConfigOverridePolicy`: inspect principal-only client override validation behavior. Which version-pinned docs, implementation class, and neighboring tests should anchor the answer?",codex_without_k2,codex_with_k2_real_mcp,0.25,0,0.5,1,1,1,1,1,0.75,1,0.5,0,True,True,False,True,0,16,16,1,"{""k2_answer_with_sources"": 1}",0,1,1,0,1,1,0,1,1,0,1,1,1,1,0,0,1,1,0,1,1,,,0,kafka docs for Kafka Connect pattern for PrincipalConnectorClientConfigOverridePolicy; PrincipalConnectorClientConfigOverridePolicy source; PrincipalConnectorClientConfigOverridePolicy neighboring test,,docs; code; test,,docs; connect,,connect,,,,repo://apache/kafka@4.2/connect/runtime/src/main/java/org/apache/kafka/connect/connector/policy/PrincipalConnectorClientConfigOverridePolicy.java,,repo://apache/kafka@4.2/connect/runtime/src/main/java/org/apache/kafka/connect/connector/policy/PrincipalConnectorClientConfigOverridePolicy.java,,,
